Pos,Driver,Nationality,Car,PTS,year

1,Nino Farina FAR,ITA,Alfa Romeo,30,1950

2,Juan Manuel Fangio FAN,ARG,Alfa Romeo,27,1950

3,Luigi Fagioli FAG,ITA,Alfa Romeo,24,1950

4,Louis  Rosier ROS,FRA,Talbot-Lago,13,1950

5,Alberto Ascari ASC,ITA,Ferrari,11,1950

6,Johnnie  Parsons PAR,USA,Kurtis Kraft Offenhauser,9,1950

7,Bill Holland HOL,USA,Deidt Offenhauser,6,1950

8,Prince Bira BIR,THA,Maserati,5,1950

9,Reg  Parnell PAR,GBR,Maserati,4,1950

9,Louis  Chiron CHI,MON,Maserati,4,1950

9,Mauri  Rose ROS,USA,Deidt Offenhauser,4,1950

9,Peter  Whitehead WHI,GBR,Ferrari,4,1950

13,Yves Giraud Cabantous CAB,FRA,Talbot-Lago,3,1950

13,Raymond  Sommer SOM,FRA,Talbot-Lago,3,1950

13,Cecil  Green GRE,USA,Kurtis Kraft Offenhauser,3,1950

13,Robert  Manzon MAN,FRA,Simca-Gordini,3,1950

13,Dorino  Serafini SER,ITA,null,3,1950

13,Philippe  Etancelin ETA,FRA,null,3,1950

19,Felice  Bonetto BON,ITA,Maserati Milano,2,1950

20,Tony  Bettenhausen BET,USA,Deidt Offenhauser,1,1950

20,Joie  Chitwood CHI,USA,Kurtis Kraft Offenhauser,1,1950

20,Eugene  Chaboud CHA,FRA,null,1,1950

1,Juan Manuel Fangio FAN,ARG,Alfa Romeo,31,1951

2,Alberto Ascari ASC,ITA,Ferrari,25,1951

3,Jose Froilan Gonzalez GON,ARG,Ferrari,24,1951

4,Nino Farina FAR,ITA,Alfa Romeo,19,1951

5,Luigi  Villoresi VIL,ITA,Ferrari,15,1951

6,Piero  Taruffi TAR,ITA,Ferrari,10,1951

7,Lee Wallard WAL,USA,Kurtis Kraft Offenhauser,9,1951

8,Felice  Bonetto BON,ITA,Alfa Romeo,7,1951

9,Mike Nazaruk NAZ,USA,Kurtis Kraft Offenhauser,6,1951

10,Reg  Parnell PAR,GBR,BRM,5,1951

11,Luigi Fagioli FAG,ITA,Alfa Romeo,4,1951

12,Consalvo  Sanesi SAN,ITA,Alfa Romeo,3,1951

12,Andy Linden LIN,USA,Sherman Offenhauser,3,1951

12,Louis  Rosier ROS,FRA,null,3,1951

15,Toulo de Graffenried DEG,SUI,Alfa Romeo,2,1951

15,Manny Ayulo AYU,USA,Kurtis Kraft Offenhauser,2,1951

15,Bobby Ball BAL,USA,Schroeder Offenhauser,2,1951

15,Jack McGrath MCG,USA,Kurtis Kraft Offenhauser,2,1951

15,Yves Giraud Cabantous CAB,FRA,Talbot-Lago,2,1951

1,Alberto Ascari ASC,ITA,Ferrari,36,1952

2,Nino Farina FAR,ITA,Ferrari,24,1952

3,Piero  Taruffi TAR,ITA,Ferrari,22,1952

4,Rudi  Fischer  FIS,SUI,Ferrari,10,1952

4,Mike Hawthorn HAW,GBR,Cooper Bristol,10,1952

6,Robert  Manzon MAN,FRA,Gordini,9,1952

7,Troy Ruttman RUT,USA,Kuzma Offenhauser,8,1952

7,Luigi  Villoresi VIL,ITA,Ferrari,8,1952

9,Jose Froilan Gonzalez GON,ARG,Maserati,6.5,1952

10,Jim Rathmann RAT,USA,Kurtis Kraft Offenhauser,6,1952

10,Jean Behra BEH,FRA,Gordini,6,1952

12,Sam Hanks HAN,USA,Kurtis Kraft Offenhauser,4,1952

13,Ken  Wharton WHA,GBR,null,3,1952

13,Duane Carter CAR,USA,Lesovsky Offenhauser,3,1952

13,Dennis Poore POO,GBR,Connaught Lea Francis,3,1952

16,Alan Brown BRO,GBR,Cooper Bristol,2,1952

16,Art Cross CRO,USA,Kurtis Kraft Offenhauser,2,1952

16,Paul Frere FRE,BEL,Simca-Gordini,2,1952

16,Maurice  Trintignant TRI,FRA,Gordini,2,1952

16,Eric Thompson THO,GBR,Connaught Lea Francis,2,1952

16,Felice  Bonetto BON,ITA,Maserati,2,1952

22,Bill  Vukovich  VUK,USA,Kurtis Kraft Offenhauser,1,1952

1,Alberto Ascari ASC,ITA,Ferrari,34.5,1953

2,Juan Manuel Fangio FAN,ARG,Maserati,27.5,1953

3,Nino Farina FAR,ITA,Ferrari,26,1953

4,Mike Hawthorn HAW,GBR,Ferrari,19,1953

5,Luigi  Villoresi VIL,ITA,Ferrari,17,1953

6,Jose Froilan Gonzalez GON,ARG,Maserati,13.5,1953

7,Bill  Vukovich  VUK,USA,Kurtis Kraft Offenhauser,9,1953

8,Toulo de Graffenried DEG,SUI,Maserati,7,1953

9,Felice  Bonetto BON,ITA,Maserati,6.5,1953

10,Art Cross CRO,USA,Kurtis Kraft Offenhauser,6,1953

11,Onofre Marimon MAR,ARG,Maserati,4,1953

11,Maurice  Trintignant TRI,FRA,Gordini,4,1953

13,Oscar Alfredo Galvez GAL,ARG,Maserati,2,1953

13,Sam Hanks HAN,USA,Kurtis Kraft Offenhauser,2,1953

13,Duane Carter CAR,USA,Kurtis Kraft Offenhauser,2,1953

13,Jack McGrath MCG,USA,Kurtis Kraft Offenhauser,2,1953

13,Hermann Lang LAN,GER,Maserati,2,1953

18,Fred Agabashian AGA,USA,Kurtis Kraft Offenhauser,1.5,1953

18,Paul Russo RUS,USA,Kurtis Kraft Offenhauser,1.5,1953

1,Juan Manuel Fangio FAN,ARG,Mercedes-Benz,42,1954

2,Jose Froilan Gonzalez GON,ARG,Ferrari,25.1,1954

3,Mike Hawthorn HAW,GBR,Ferrari,24.6,1954

4,Maurice  Trintignant TRI,FRA,Ferrari,17,1954

5,Karl Kling KLI,GER,Mercedes-Benz,12,1954

6,Bill  Vukovich  VUK,USA,Kurtis Kraft Offenhauser,8,1954

6,Hans  Herrmann HER,GER,Mercedes-Benz,8,1954

8,Nino Farina FAR,ITA,Ferrari,6,1954

8,Jimmy Bryan BRY,USA,Kuzma Offenhauser,6,1954

8,Luigi Musso MUS,ITA,Maserati,6,1954

8,Roberto Mieres MIE,ARG,Maserati,6,1954

12,Jack McGrath MCG,USA,Kurtis Kraft Offenhauser,5,1954

13,Stirling Moss MOS,GBR,Maserati,4.1,1954

13,Onofre Marimon MAR,ARG,Maserati,4.1,1954

15,Robert  Manzon MAN,FRA,Ferrari,4,1954

15,Sergio Mantovani MAN,ITA,Maserati,4,1954

17,Prince Bira BIR,THA,Maserati,3,1954

18,Elie Bayol BAY,FRA,Gordini,2,1954

18,Mike Nazaruk NAZ,USA,Kurtis Kraft Offenhauser,2,1954

18,Andre Pilette PIL,BEL,Gordini,2,1954

18,Luigi  Villoresi VIL,ITA,Lancia,2,1954

18,Umberto  Maglioli MAG,ITA,Ferrari,2,1954

23,Troy Ruttman RUT,USA,Kurtis Kraft Offenhauser,1.5,1954

23,Duane Carter CAR,USA,Kurtis Kraft Offenhauser,1.5,1954

25,Alberto Ascari ASC,ITA,Lancia,1.1,1954

26,Jean Behra BEH,FRA,Gordini,0.1,1954

1,Juan Manuel Fangio FAN,ARG,Mercedes-Benz,40,1955

2,Stirling Moss MOS,GBR,Mercedes-Benz,23,1955

3,Eugenio Castellotti CAS,ITA,Ferrari,12,1955

4,Maurice  Trintignant TRI,FRA,Ferrari,11.3,1955

5,Nino Farina FAR,ITA,Ferrari,10.3,1955

6,Piero  Taruffi TAR,ITA,Mercedes-Benz,9,1955

7,Bob Sweikert SWE,USA,Kurtis Kraft Offenhauser,8,1955

8,Roberto Mieres MIE,ARG,Maserati,7,1955

9,Luigi Musso MUS,ITA,Maserati,6,1955

9,Jean Behra BEH,FRA,Maserati,6,1955

11,Karl Kling KLI,GER,Mercedes-Benz,5,1955

12,Jimmy Davies DAV,USA,Kurtis Kraft Offenhauser,4,1955

13,Paul Russo RUS,USA,Kurtis Kraft Offenhauser,3,1955

13,Tony  Bettenhausen BET,USA,Kurtis Kraft Offenhauser,3,1955

13,Johnny Thomson THO,USA,Kuzma Offenhauser,3,1955

13,Paul Frere FRE,BEL,Ferrari,3,1955

17,Jose Froilan Gonzalez GON,ARG,Ferrari,2,1955

17,Cesare Perdisa PER,ITA,Maserati,2,1955

17,Luigi  Villoresi VIL,ITA,Lancia,2,1955

17,Carlos Menditeguy MEN,ARG,Maserati,2,1955

21,Umberto  Maglioli MAG,ITA,Ferrari,1.3,1955

22,Hans  Herrmann HER,GER,Mercedes-Benz,1,1955

22,Walt  Faulkner FAU,USA,Kurtis Kraft Offenhauser,1,1955

22,Bill Homeier HOM,USA,Kurtis Kraft Offenhauser,1,1955

22,Bill  Vukovich  VUK,USA,Kurtis Kraft Offenhauser,1,1955

1,Juan Manuel Fangio FAN,ARG,Ferrari,30,1956

2,Stirling Moss MOS,GBR,Maserati,27,1956

3,Peter Collins COL,GBR,Ferrari,25,1956

4,Jean Behra BEH,FRA,Maserati,22,1956

5,Pat Flaherty FLA,USA,Watson Offenhauser,8,1956

6,Eugenio Castellotti CAS,ITA,Ferrari,7.5,1956

7,Sam Hanks HAN,USA,Kurtis Kraft Offenhauser,6,1956

7,Paul Frere FRE,BEL,Ferrari,6,1956

7,Paco  Godia GOD,ESP,Maserati,6,1956

10,Jack  Fairman FAI,GBR,Connaught Alta,5,1956

11,Mike Hawthorn HAW,GBR,BRM,4,1956

11,Luigi Musso MUS,ITA,Ferrari,4,1956

11,Don  Freeland FRE,USA,Phillips Offenhauser,4,1956

11,Ron Flockhart FLO,GBR,Connaught Alta,4,1956

15,Johnnie  Parsons PAR,USA,Kuzma Offenhauser,3,1956

15,Harry Schell SCH,USA,Vanwall,3,1956

15,Alfonso de Portago  DEP,ESP,Ferrari,3,1956

15,Cesare Perdisa PER,ITA,Maserati,3,1956

19,Olivier  Gendebien GEN,BEL,Ferrari,2,1956

19,Hermano da Silva Ramos DAS,BRA,Gordini,2,1956

19,Dick Rathmann RAT,USA,Kurtis Kraft Offenhauser,2,1956

19,Luigi  Villoresi VIL,ITA,Maserati,2,1956

19,Horace  Gould  GOU,GBR,Maserati,2,1956

19,Louis  Rosier ROS,FRA,Maserati,2,1956

25,Gerino  Gerini  GER,ITA,Maserati,1.5,1956

25,Chico Landi LAN,BRA,Maserati,1.5,1956

27,Paul Russo RUS,USA,Kurtis Kraft Novi,1,1956

1,Juan Manuel Fangio FAN,ARG,Maserati,40,1957

2,Stirling Moss MOS,GBR,Vanwall,25,1957

3,Luigi Musso MUS,ITA,Ferrari,16,1957

4,Mike Hawthorn HAW,GBR,Ferrari,13,1957

5,Tony Brooks BRO,GBR,Vanwall,11,1957

6,Masten Gregory GRE,USA,Maserati,10,1957

6,Harry Schell SCH,USA,Maserati,10,1957

8,Sam Hanks HAN,USA,Epperly Offenhauser,8,1957

8,Peter Collins COL,GBR,Ferrari,8,1957

10,Jim Rathmann RAT,USA,Epperly Offenhauser,7,1957

11,Jean Behra BEH,FRA,Maserati,6,1957

12,Stuart  Lewis-Evans  LEW,GBR,Vanwall,5,1957

12,Maurice  Trintignant TRI,FRA,Ferrari,5,1957

14,Carlos Menditeguy MEN,ARG,Maserati,4,1957

14,Jimmy Bryan BRY,USA,Kuzma Offenhauser,4,1957

14,Wolfgang von Trips VON,GER,Ferrari,4,1957

17,Paul Russo RUS,USA,Kurtis Kraft Novi,3,1957

18,Andy Linden LIN,USA,Kurtis Kraft Offenhauser,2,1957

18,Roy Salvadori SAL,GBR,Cooper Climax,2,1957

20,Alfonso de Portago  DEP,ESP,Ferrari,1,1957

20,Jose Froilan Gonzalez GON,ARG,Ferrari,1,1957

20,Giorgio  Scarlatti  SCA,ITA,Maserati,1,1957

1,Mike Hawthorn HAW,GBR,Ferrari,42,1958

2,Stirling Moss MOS,GBR,Vanwall,41,1958

3,Tony Brooks BRO,GBR,Vanwall,24,1958

4,Roy Salvadori SAL,GBR,Cooper Climax,15,1958

5,Peter Collins COL,GBR,Ferrari,14,1958

5,Harry Schell SCH,USA,BRM,14,1958

7,Maurice  Trintignant TRI,FRA,Cooper Climax,12,1958

7,Luigi Musso MUS,ITA,Ferrari,12,1958

9,Stuart  Lewis-Evans  LEW,GBR,Vanwall,11,1958

10,Phil Hill HIL,USA,Ferrari,9,1958

10,Jean Behra BEH,FRA,BRM,9,1958

10,Wolfgang von Trips VON,GER,Ferrari,9,1958

13,Jimmy Bryan BRY,USA,Epperly Offenhauser,8,1958

14,Juan Manuel Fangio FAN,ARG,Maserati,7,1958

15,George  Amick AMI,USA,Epperly Offenhauser,6,1958

16,Tony  Bettenhausen BET,USA,Epperly Offenhauser,4,1958

16,Johnny  Boyd BOY,USA,Kurtis Kraft Offenhauser,4,1958

18,Jack Brabham BRA,AUS,Cooper Climax,3,1958

18,Cliff Allison ALL,GBR,Lotus Climax,3,1958

18,Jo Bonnier BON,SWE,BRM,3,1958

21,Jim Rathmann RAT,USA,Epperly Offenhauser,2,1958

1,Jack Brabham BRA,AUS,Cooper Climax,31,1959

2,Tony Brooks BRO,GBR,Ferrari,27,1959

3,Stirling Moss MOS,GBR,Cooper Climax,25.5,1959

4,Phil Hill HIL,USA,Ferrari,20,1959

5,Maurice  Trintignant TRI,FRA,Cooper Climax,19,1959

6,Bruce McLaren MCL,NZL,Cooper Climax,16.5,1959

7,Dan Gurney GUR,USA,Ferrari,13,1959

8,Jo Bonnier BON,SWE,BRM,10,1959

8,Masten Gregory GRE,USA,Cooper Climax,10,1959

10,Rodger Ward WAR,USA,Kurtis Kraft Offenhauser,8,1959

11,Jim Rathmann RAT,USA,Watson Offenhauser,6,1959

12,Johnny Thomson THO,USA,Lesovsky Offenhauser,5,1959

12,Innes Ireland IRE,GBR,Lotus Climax,5,1959

12,Harry Schell SCH,USA,Cooper Climax,5,1959

15,Tony  Bettenhausen BET,USA,Epperly Offenhauser,3,1959

15,Olivier  Gendebien GEN,BEL,Ferrari,3,1959

17,Paul Goldsmith GOL,USA,Epperly Offenhauser,2,1959

17,Jean Behra BEH,FRA,Ferrari,2,1959

17,Cliff Allison ALL,GBR,Ferrari,2,1959

1,Jack Brabham BRA,AUS,Cooper Climax,43,1960

2,Bruce McLaren MCL,NZL,Cooper Climax,34,1960

3,Stirling Moss MOS,GBR,Lotus Climax,19,1960

4,Innes Ireland IRE,GBR,Lotus Climax,18,1960

5,Phil Hill HIL,USA,Cooper Climax,16,1960

6,Olivier  Gendebien GEN,BEL,Cooper Climax,10,1960

6,Wolfgang von Trips VON,GER,Cooper Maserati,10,1960

8,Jim Rathmann RAT,USA,Watson Offenhauser,8,1960

8,Richie Ginther GIN,USA,Ferrari,8,1960

8,Jim Clark CLA,GBR,Lotus Climax,8,1960

11,Tony Brooks BRO,GBR,Cooper Climax,7,1960

12,Cliff Allison ALL,GBR,Ferrari,6,1960

12,Rodger Ward WAR,USA,Watson Offenhauser,6,1960

12,John Surtees SUR,GBR,Lotus Climax,6,1960

15,Paul Goldsmith GOL,USA,Epperly Offenhauser,4,1960

15,Graham Hill HIL,GBR,BRM,4,1960

15,Willy Mairesse MAI,BEL,Ferrari,4,1960

15,Jo Bonnier BON,SWE,BRM,4,1960

19,Carlos Menditeguy MEN,ARG,Cooper Maserati,3,1960

19,Don  Branson BRA,USA,Phillips Offenhauser,3,1960

19,Henry Taylor TAY,GBR,Cooper Climax,3,1960

19,Giulio Cabianca CAB,ITA,Cooper Castellotti,3,1960

23,Johnny Thomson THO,USA,Lesovsky Offenhauser,2,1960

24,Eddie Johnson JOH,USA,Trevis Offenhauser,1,1960

24,Lucien Bianchi BIA,BEL,Cooper Climax,1,1960

24,Ron Flockhart FLO,GBR,Cooper Climax,1,1960

24,Hans  Herrmann HER,GER,Porsche,1,1960

1,Phil Hill HIL,USA,Ferrari,34,1961

2,Wolfgang von Trips VON,GER,Ferrari,33,1961

3,Stirling Moss MOS,GBR,Lotus Climax,21,1961

3,Dan Gurney GUR,USA,Porsche,21,1961

5,Richie Ginther GIN,USA,Ferrari,16,1961

6,Innes Ireland IRE,GBR,Lotus Climax,12,1961

7,Jim Clark CLA,GBR,Lotus Climax,11,1961

7,Bruce McLaren MCL,NZL,Cooper Climax,11,1961

9,Giancarlo Baghetti BAG,ITA,Ferrari,9,1961

10,Tony Brooks BRO,GBR,BRM Climax,6,1961

11,Jack Brabham BRA,AUS,Cooper Climax,4,1961

11,John Surtees SUR,GBR,Cooper Climax,4,1961

13,Olivier  Gendebien GEN,BEL,Lotus Climax,3,1961

13,Jackie  Lewis  LEW,GBR,Cooper Climax,3,1961

13,Jo Bonnier BON,SWE,Porsche,3,1961

13,Graham Hill HIL,GBR,BRM Climax,3,1961

17,Roy Salvadori SAL,GBR,Cooper Climax,2,1961

1,Graham Hill HIL,GBR,BRM,42,1962

2,Jim Clark CLA,GBR,Lotus Climax,30,1962

3,Bruce McLaren MCL,NZL,Cooper Climax,27,1962

4,John Surtees SUR,GBR,Lola Climax,19,1962

5,Dan Gurney GUR,USA,Porsche,15,1962

6,Phil Hill HIL,USA,Ferrari,14,1962

7,Tony Maggs MAG,RSA,Cooper Climax,13,1962

8,Richie Ginther GIN,USA,BRM,10,1962

9,Jack Brabham BRA,AUS,Brabham Climax,9,1962

10,Trevor  Taylor  TAY,GBR,Lotus Climax,6,1962

11,Giancarlo Baghetti BAG,ITA,Ferrari,5,1962

12,Lorenzo Bandini BAN,ITA,Ferrari,4,1962

12,Ricardo  Rodriguez  ROD,MEX,Ferrari,4,1962

14,Willy Mairesse MAI,BEL,Ferrari,3,1962

14,Jo Bonnier BON,SWE,Porsche,3,1962

16,Innes Ireland IRE,GBR,Lotus Climax,2,1962

16,Carel Godin de Beaufort  DEB,NED,Porsche,2,1962

18,Masten Gregory GRE,USA,Lotus BRM,1,1962

18,Neville Lederle LED,RSA,Lotus Climax,1,1962

1,Jim Clark CLA,GBR,Lotus Climax,54,1963

2,Graham Hill HIL,GBR,BRM,29,1963

2,Richie Ginther GIN,USA,BRM,29,1963

4,John Surtees SUR,GBR,Ferrari,22,1963

5,Dan Gurney GUR,USA,Brabham Climax,19,1963

6,Bruce McLaren MCL,NZL,Cooper Climax,17,1963

7,Jack Brabham BRA,AUS,Brabham Climax,14,1963

8,Tony Maggs MAG,RSA,Cooper Climax,9,1963

9,Innes Ireland IRE,GBR,BRP BRM,6,1963

9,Lorenzo Bandini BAN,ITA,Ferrari,6,1963

9,Jo Bonnier BON,SWE,Cooper Climax,6,1963

12,Gerhard Mitter MIT,GER,Porsche,3,1963

12,Jim  Hall  HAL,USA,Lotus BRM,3,1963

14,Carel Godin de Beaufort  DEB,NED,Porsche,2,1963

15,Trevor  Taylor  TAY,GBR,Lotus Climax,1,1963

15,Ludovico Scarfiotti SCA,ITA,Ferrari,1,1963

15,Jo Siffert SIF,SUI,Lotus BRM,1,1963

18,Willy Mairesse MAI,BEL,Ferrari,0,1963

18,Maurice  Trintignant TRI,FRA,BRM,0,1963

18,Tony  Settember  SET,USA,Scirocco BRM,0,1963

18,Lucien Bianchi BIA,BEL,Lola Climax,0,1963

18,Phil Hill HIL,USA,ATS,0,1963

18,Giancarlo Baghetti BAG,ITA,ATS,0,1963

18,Chris Amon AMO,NZL,Lotus BRM,0,1963

18,Masten Gregory GRE,USA,null,0,1963

18,Bob Anderson AND,GBR,Lola Climax,0,1963

18,Ian Raby RAB,GBR,Gilby BRM,0,1963

18,John  Campbell-Jones  CAM,GBR,Lola Climax,0,1963

18,Ian Burgess  BUR,GBR,Scirocco BRM,0,1963

18,Mike Hailwood HAI,GBR,null,0,1963

18,Mario  de Araujo Cabral  DEA,POR,Cooper Climax,0,1963

18,Bernard  Collomb  COL,FRA,Lotus Climax,0,1963

18,Mike Spence SPE,GBR,Lotus Climax,0,1963

18,Peter Broeker  BRO,CAN,Stebro Ford,0,1963

18,Rodger Ward WAR,USA,Lotus BRM,0,1963

18,Pedro Rodriguez ROD,MEX,Lotus Climax,0,1963

18,Hap  Sharp  SHA,USA,Lotus BRM,0,1963

18,Moises Solana SOL,MEX,BRM,0,1963

18,Doug Serrurier SER,RSA,LDS Alfa Romeo,0,1963

18,Trevor Blokdyk BLO,RSA,Cooper Maserati,0,1963

18,Brausch Niemann NIE,RSA,Lotus Ford,0,1963

18,John Love LOV,RHO,Cooper Climax,0,1963

18,Ernie Pieterse PIE,RSA,Lotus Climax,0,1963

18,Peter de Klerk DEK,RSA,Alfa Romeo,0,1963

18,Sam Tingle TIN,RHO,LDS Alfa Romeo,0,1963

18,David Prophet PRO,GBR,Brabham Ford,0,1963

1,John Surtees SUR,GBR,Ferrari,40,1964

2,Graham Hill HIL,GBR,BRM,39,1964

3,Jim Clark CLA,GBR,Lotus Climax,32,1964

4,Lorenzo Bandini BAN,ITA,Ferrari,23,1964

4,Richie Ginther GIN,USA,BRM,23,1964

6,Dan Gurney GUR,USA,Brabham Climax,19,1964

7,Bruce McLaren MCL,NZL,Cooper Climax,13,1964

8,Peter  Arundell  ARU,GBR,Lotus Climax,11,1964

8,Jack Brabham BRA,AUS,Brabham Climax,11,1964

10,Jo Siffert SIF,SUI,Brabham BRM,7,1964

11,Bob Anderson AND,GBR,Brabham Climax,5,1964

12,Tony Maggs MAG,RSA,BRM,4,1964

12,Mike Spence SPE,GBR,Lotus Climax,4,1964

12,Innes Ireland IRE,GBR,BRP BRM,4,1964

15,Jo Bonnier BON,SWE,Brabham Climax,3,1964

16,Chris Amon AMO,NZL,Lotus BRM,2,1964

16,Maurice  Trintignant TRI,FRA,BRM,2,1964

16,Walt   Hansgen HAN,USA,Lotus Climax,2,1964

19,Mike Hailwood HAI,GBR,Lotus BRM,1,1964

19,Phil Hill HIL,USA,Cooper Climax,1,1964

19,Trevor  Taylor  TAY,GBR,BRP BRM,1,1964

19,Pedro Rodriguez ROD,MEX,Ferrari,1,1964

1,Jim Clark CLA,GBR,Lotus Climax,54,1965

2,Graham Hill HIL,GBR,BRM,40,1965

3,Jackie Stewart STE,GBR,BRM,33,1965

4,Dan Gurney GUR,USA,Brabham Climax,25,1965

5,John Surtees SUR,GBR,Ferrari,17,1965

6,Lorenzo Bandini BAN,ITA,Ferrari,13,1965

7,Richie Ginther GIN,USA,Honda,11,1965

8,Mike Spence SPE,GBR,Lotus Climax,10,1965

8,Bruce McLaren MCL,NZL,Cooper Climax,10,1965

10,Jack Brabham BRA,AUS,Brabham Climax,9,1965

11,Denny Hulme HUL,NZL,Brabham Climax,5,1965

11,Jo Siffert SIF,SUI,Brabham BRM,5,1965

13,Jochen Rindt RIN,AUT,Cooper Climax,4,1965

14,Pedro Rodriguez ROD,MEX,Ferrari,2,1965

14,Ronnie Bucknum BUC,USA,Honda,2,1965

14,Richard Attwood ATT,GBR,Lotus BRM,2,1965

1,Jack Brabham BRA,AUS,Brabham Repco,42,1966

2,John Surtees SUR,GBR,Cooper Maserati,28,1966

3,Jochen Rindt RIN,AUT,Cooper Maserati,22,1966

4,Denny Hulme HUL,NZL,Brabham Repco,18,1966

5,Graham Hill HIL,GBR,BRM,17,1966

6,Jim Clark CLA,GBR,Lotus BRM,16,1966

7,Jackie Stewart STE,GBR,BRM,14,1966

8,Mike  Parkes  PAR,GBR,Ferrari,12,1966

8,Lorenzo Bandini BAN,ITA,Ferrari,12,1966

10,Ludovico Scarfiotti SCA,ITA,Ferrari,9,1966

11,Richie Ginther GIN,USA,Honda,5,1966

12,Dan Gurney GUR,USA,Eagle Climax,4,1966

12,Mike Spence SPE,GBR,Lotus BRM,4,1966

14,Bob Bondurant BON,USA,Eagle Weslake,3,1966

14,Jo Siffert SIF,SUI,Cooper Maserati,3,1966

14,Bruce McLaren MCL,NZL,McLaren Ford,3,1966

17,John  Taylor  TAY,GBR,Brabham BRM,1,1966

17,Bob Anderson AND,GBR,Brabham Climax,1,1966

17,Peter  Arundell  ARU,GBR,Lotus BRM,1,1966

17,Jo Bonnier BON,SWE,Cooper Maserati,1,1966

1,Denny Hulme HUL,NZL,Brabham Repco,51,1967

2,Jack Brabham BRA,AUS,Brabham Repco,46,1967

3,Jim Clark CLA,GBR,Lotus Ford,41,1967

4,John Surtees SUR,GBR,Honda,20,1967

4,Chris Amon AMO,NZL,Ferrari,20,1967

6,Pedro Rodriguez ROD,MEX,Cooper Maserati,15,1967

6,Graham Hill HIL,GBR,Lotus Ford,15,1967

8,Dan Gurney GUR,USA,Eagle Climax,13,1967

9,Jackie Stewart STE,GBR,BRM,10,1967

10,Mike Spence SPE,GBR,BRM,9,1967

11,John Love LOV,RHO,Cooper Climax,6,1967

11,Jochen Rindt RIN,AUT,Cooper Maserati,6,1967

11,Jo Siffert SIF,SUI,Cooper Maserati,6,1967

14,Bruce McLaren MCL,NZL,McLaren BRM,3,1967

14,Jo Bonnier BON,SWE,Cooper Maserati,3,1967

16,Bob Anderson AND,GBR,Brabham Climax,2,1967

16,Mike  Parkes  PAR,GBR,Ferrari,2,1967

16,Chris   Irwin IRW,GBR,BRM,2,1967

19,Ludovico Scarfiotti SCA,ITA,Eagle Weslake,1,1967

19,Guy  Ligier  LIG,FRA,Brabham Repco,1,1967

19,Jacky Ickx ICK,BEL,Cooper Maserati,1,1967

1,Graham Hill HIL,GBR,Lotus Ford,48,1968

2,Jackie Stewart STE,GBR,Matra Ford,36,1968

3,Denny Hulme HUL,NZL,McLaren Ford,33,1968

4,Jacky Ickx ICK,BEL,Ferrari,27,1968

5,Bruce McLaren MCL,NZL,McLaren Ford,22,1968

6,Pedro Rodriguez ROD,MEX,BRM,18,1968

7,Jo Siffert SIF,SUI,Lotus Ford,12,1968

7,John Surtees SUR,GBR,Honda,12,1968

9,Jean-Pierre Beltoise BEL,FRA,Matra,11,1968

10,Chris Amon AMO,NZL,Ferrari,10,1968

11,Jim Clark CLA,GBR,Lotus Ford,9,1968

12,Jochen Rindt RIN,AUT,Brabham Repco,8,1968

13,Richard Attwood ATT,GBR,BRM,6,1968

13,Johnny  Servoz-Gavin  SER,FRA,Matra Ford,6,1968

13,Jackie Oliver OLI,GBR,Lotus Ford,6,1968

13,Ludovico Scarfiotti SCA,ITA,Cooper BRM,6,1968

17,Lucien Bianchi BIA,BEL,Cooper BRM,5,1968

17,Vic  Elford  ELF,GBR,Cooper BRM,5,1968

19,Brian   Redman RED,GBR,Cooper BRM,4,1968

19,Piers   Courage COU,GBR,BRM,4,1968

21,Dan Gurney GUR,USA,McLaren Ford,3,1968

21,Jo Bonnier BON,SWE,Honda,3,1968

23,Silvio  Moser  MOS,SUI,Brabham Repco,2,1968

23,Jack Brabham BRA,AUS,Brabham Repco,2,1968

1,Jackie Stewart STE,GBR,Matra Ford,63,1969

2,Jacky Ickx ICK,BEL,Brabham Ford,37,1969

3,Bruce McLaren MCL,NZL,McLaren Ford,26,1969

4,Jochen Rindt RIN,AUT,Lotus Ford,22,1969

5,Jean-Pierre Beltoise BEL,FRA,Matra Ford,21,1969

6,Denny Hulme HUL,NZL,McLaren Ford,20,1969

7,Graham Hill HIL,GBR,Lotus Ford,19,1969

8,Piers   Courage COU,GBR,Brabham Ford,16,1969

9,Jo Siffert SIF,SUI,Lotus Ford,15,1969

10,Jack Brabham BRA,AUS,Brabham Ford,14,1969

11,John Surtees SUR,GBR,BRM,6,1969

12,Chris Amon AMO,NZL,Ferrari,4,1969

13,Richard Attwood ATT,GBR,null,3,1969

13,Vic  Elford  ELF,GBR,McLaren Ford,3,1969

13,Pedro Rodriguez ROD,MEX,Ferrari,3,1969

16,Johnny  Servoz-Gavin  SER,FRA,Matra Ford,1,1969

16,Silvio  Moser  MOS,SUI,Brabham Ford,1,1969

16,Jackie Oliver OLI,GBR,BRM,1,1969

1,Jochen Rindt RIN,AUT,Lotus Ford,45,1970

2,Jacky Ickx ICK,BEL,Ferrari,40,1970

3,Clay Regazzoni REG,SUI,Ferrari,33,1970

4,Denny Hulme HUL,NZL,McLaren Ford,27,1970

5,Jack Brabham BRA,AUS,Brabham Ford,25,1970

5,Jackie Stewart STE,GBR,Tyrrell Ford,25,1970

7,Pedro Rodriguez ROD,MEX,BRM,23,1970

7,Chris Amon AMO,NZL,March Ford,23,1970

9,Jean-Pierre Beltoise BEL,FRA,Matra,16,1970

10,Emerson Fittipaldi FIT,BRA,Lotus Ford,12,1970

11,Rolf Stommelen STO,GER,Brabham Ford,10,1970

12,Henri Pescarolo PES,FRA,Matra,8,1970

13,Graham Hill HIL,GBR,Lotus Ford,7,1970

14,Bruce McLaren MCL,NZL,McLaren Ford,6,1970

15,Mario Andretti AND,USA,March Ford,4,1970

15,Reine   Wisell WIS,SWE,Lotus Ford,4,1970

17,Ignazio  Giunti  GIU,ITA,Ferrari,3,1970

17,John Surtees SUR,GBR,Surtees Ford,3,1970

19,John   Miles MIL,GBR,Lotus Ford,2,1970

19,Johnny  Servoz-Gavin  SER,FRA,March Ford,2,1970

19,Jackie Oliver OLI,GBR,BRM,2,1970

22,Dan Gurney GUR,USA,McLaren Ford,1,1970

22,Francois  Cevert  CEV,FRA,March Ford,1,1970

22,Peter  Gethin  GET,GBR,McLaren Ford,1,1970

22,Derek Bell BEL,GBR,Surtees Ford,1,1970

1,Jackie Stewart STE,GBR,Tyrrell Ford,62,1971

2,Ronnie Peterson PET,SWE,null,33,1971

3,Francois  Cevert  CEV,FRA,Tyrrell Ford,26,1971

4,Jacky Ickx ICK,BEL,Ferrari,19,1971

4,Jo Siffert SIF,SUI,BRM,19,1971

6,Emerson Fittipaldi FIT,BRA,Lotus Ford,16,1971

7,Clay Regazzoni REG,SUI,Ferrari,13,1971

8,Mario Andretti AND,USA,Ferrari,12,1971

9,Peter  Gethin  GET,GBR,BRM,9,1971

9,Pedro Rodriguez ROD,MEX,BRM,9,1971

9,Chris Amon AMO,NZL,Matra,9,1971

9,Reine   Wisell WIS,SWE,Lotus Ford,9,1971

9,Denny Hulme HUL,NZL,McLaren Ford,9,1971

14,Tim   Schenken SCH,AUS,Brabham Ford,5,1971

14,Howden  Ganley  GAN,NZL,BRM,5,1971

16,Mark Donohue DON,USA,null,4,1971

16,Henri Pescarolo PES,FRA,null,4,1971

18,Mike Hailwood HAI,GBR,Surtees Ford,3,1971

18,John Surtees SUR,GBR,Surtees Ford,3,1971

18,Rolf Stommelen STO,GER,Surtees Ford,3,1971

21,Graham Hill HIL,GBR,Brabham Ford,2,1971

22,Jean-Pierre Beltoise BEL,FRA,Matra,1,1971

1,Emerson Fittipaldi FIT,BRA,Lotus Ford,61,1972

2,Jackie Stewart STE,GBR,Tyrrell Ford,45,1972

3,Denny Hulme HUL,NZL,McLaren Ford,39,1972

4,Jacky Ickx ICK,BEL,Ferrari,27,1972

5,Peter   Revson REV,USA,McLaren Ford,23,1972

6,Francois  Cevert  CEV,FRA,Tyrrell Ford,15,1972

6,Clay Regazzoni REG,SUI,Ferrari,15,1972

8,Mike Hailwood HAI,GBR,Surtees Ford,13,1972

9,Ronnie Peterson PET,SWE,March Ford,12,1972

9,Chris Amon AMO,NZL,Matra,12,1972

11,Jean-Pierre Beltoise BEL,FRA,BRM,9,1972

12,Mario Andretti AND,USA,Ferrari,4,1972

12,Howden  Ganley  GAN,NZL,BRM,4,1972

12,Brian   Redman RED,GBR,BRM,4,1972

12,Graham Hill HIL,GBR,Brabham Ford,4,1972

16,Andrea de Adamich  DEA,ITA,Surtees Ford,3,1972

16,Carlos Reutemann REU,ARG,Brabham Ford,3,1972

16,Carlos Pace PAC,BRA,March Ford,3,1972

19,Tim   Schenken SCH,AUS,Surtees Ford,2,1972

20,Arturo Merzario MER,ITA,Ferrari,1,1972

20,Peter  Gethin  GET,GBR,BRM,1,1972

1,Jackie Stewart STE,GBR,Tyrrell Ford,71,1973

2,Emerson Fittipaldi FIT,BRA,Lotus Ford,55,1973

3,Ronnie Peterson PET,SWE,Lotus Ford,52,1973

4,Francois  Cevert  CEV,FRA,Tyrrell Ford,47,1973

5,Peter   Revson REV,USA,McLaren Ford,38,1973

6,Denny Hulme HUL,NZL,McLaren Ford,26,1973

7,Carlos Reutemann REU,ARG,Brabham Ford,16,1973

8,James Hunt HUN,GBR,March Ford,14,1973

9,Jacky Ickx ICK,BEL,Iso Marlboro Ford,12,1973

10,Jean-Pierre Beltoise BEL,FRA,BRM,9,1973

11,Carlos Pace PAC,BRA,Surtees Ford,7,1973

12,Arturo Merzario MER,ITA,Ferrari,6,1973

13,George  Follmer  FOL,USA,Shadow Ford,5,1973

14,Jackie Oliver OLI,GBR,Shadow Ford,4,1973

15,Andrea de Adamich  DEA,ITA,Brabham Ford,3,1973

15,Wilson Fittipaldi FIT,BRA,Brabham Ford,3,1973

17,Niki Lauda LAU,AUT,BRM,2,1973

17,Clay Regazzoni REG,SUI,BRM,2,1973

19,Chris Amon AMO,NZL,Tyrrell Ford,1,1973

19,Gijs van Lennep VAN,NED,Iso Marlboro Ford,1,1973

19,Howden  Ganley  GAN,NZL,Iso Marlboro Ford,1,1973

1,Emerson Fittipaldi FIT,BRA,McLaren Ford,55,1974

2,Clay Regazzoni REG,SUI,Ferrari,52,1974

3,Jody Scheckter SCH,RSA,Tyrrell Ford,45,1974

4,Niki Lauda LAU,AUT,Ferrari,38,1974

5,Ronnie Peterson PET,SWE,Lotus Ford,35,1974

6,Carlos Reutemann REU,ARG,Brabham Ford,32,1974

7,Denny Hulme HUL,NZL,McLaren Ford,20,1974

8,James Hunt HUN,GBR,Hesketh Ford,15,1974

9,Patrick Depailler DEP,FRA,Tyrrell Ford,14,1974

10,Jacky Ickx ICK,BEL,Lotus Ford,12,1974

10,Mike Hailwood HAI,GBR,McLaren Ford,12,1974

12,Carlos Pace PAC,BRA,Brabham Ford,11,1974

13,Jean-Pierre Beltoise BEL,FRA,BRM,10,1974

14,Jean-Pierre Jarier JAR,FRA,Shadow Ford,6,1974

14,John Watson WAT,GBR,Brabham Ford,6,1974

16,Hans-Joachim Stuck STU,GER,March Ford,5,1974

17,Arturo Merzario MER,ITA,Iso Marlboro Ford,4,1974

18,Graham Hill HIL,GBR,Lola Ford,1,1974

18,Tom Pryce PRY,GBR,Shadow Ford,1,1974

18,Vittorio Brambilla BRA,ITA,March Ford,1,1974

1,Niki Lauda LAU,AUT,Ferrari,64.5,1975

2,Emerson Fittipaldi FIT,BRA,McLaren Ford,45,1975

3,Carlos Reutemann REU,ARG,Brabham Ford,37,1975

4,James Hunt HUN,GBR,Hesketh Ford,33,1975

5,Clay Regazzoni REG,SUI,Ferrari,25,1975

6,Carlos Pace PAC,BRA,Brabham Ford,24,1975

7,Jody Scheckter SCH,RSA,Tyrrell Ford,20,1975

7,Jochen Mass MAS,GER,McLaren Ford,20,1975

9,Patrick Depailler DEP,FRA,Tyrrell Ford,12,1975

10,Tom Pryce PRY,GBR,Shadow Ford,8,1975

11,Vittorio Brambilla BRA,ITA,March Ford,6.5,1975

12,Jacques Laffite LAF,FRA,Frank Williams Racing Cars/Williams,6,1975

12,Ronnie Peterson PET,SWE,Lotus Ford,6,1975

14,Mario Andretti AND,USA,Parnelli Ford,5,1975

15,Mark Donohue DON,USA,March Ford,4,1975

16,Jacky Ickx ICK,BEL,Lotus Ford,3,1975

17,Alan  Jones JON,AUS,Hill Ford,2,1975

18,Jean-Pierre Jarier JAR,FRA,Shadow Ford,1.5,1975

19,Tony Brise BRI,GBR,Hill Ford,1,1975

19,Gijs van Lennep VAN,NED,Ensign Ford,1,1975

21,Lella Lombardi LOM,ITA,Frank Williams Racing Cars/Williams,0.5,1975

1,James Hunt HUN,GBR,McLaren Ford,69,1976

2,Niki Lauda LAU,AUT,Ferrari,68,1976

3,Jody Scheckter SCH,RSA,Tyrrell Ford,49,1976

4,Patrick Depailler DEP,FRA,Tyrrell Ford,39,1976

5,Clay Regazzoni REG,SUI,Ferrari,31,1976

6,Mario Andretti AND,USA,Lotus Ford,22,1976

7,John Watson WAT,GBR,Penske Ford,20,1976

7,Jacques Laffite LAF,FRA,Ligier Matra,20,1976

9,Jochen Mass MAS,GER,McLaren Ford,19,1976

10,Gunnar Nilsson NIL,SWE,Lotus Ford,11,1976

11,Ronnie Peterson PET,SWE,March Ford,10,1976

11,Tom Pryce PRY,GBR,Shadow Ford,10,1976

13,Hans-Joachim Stuck STU,GER,March Ford,8,1976

14,Carlos Pace PAC,BRA,Brabham Alfa Romeo,7,1976

14,Alan  Jones JON,AUS,Surtees Ford,7,1976

16,Carlos Reutemann REU,ARG,Ferrari,3,1976

16,Emerson Fittipaldi FIT,BRA,Fittipaldi Ford,3,1976

18,Chris Amon AMO,NZL,Wolf-Williams,2,1976

19,Rolf Stommelen STO,GER,Brabham Alfa Romeo,1,1976

19,Vittorio Brambilla BRA,ITA,March Ford,1,1976

1,Niki Lauda LAU,AUT,Ferrari,72,1977

2,Jody Scheckter SCH,RSA,Wolf Ford,55,1977

3,Mario Andretti AND,USA,Lotus Ford,47,1977

4,Carlos Reutemann REU,ARG,Ferrari,42,1977

5,James Hunt HUN,GBR,McLaren Ford,40,1977

6,Jochen Mass MAS,GER,McLaren Ford,25,1977

7,Alan  Jones JON,AUS,Shadow Ford,22,1977

8,Gunnar Nilsson NIL,SWE,Lotus Ford,20,1977

8,Patrick Depailler DEP,FRA,Tyrrell Ford,20,1977

10,Jacques Laffite LAF,FRA,Ligier Matra,18,1977

11,Hans-Joachim Stuck STU,GER,Brabham Alfa Romeo,12,1977

12,Emerson Fittipaldi FIT,BRA,Fittipaldi Ford,11,1977

13,John Watson WAT,GBR,Brabham Alfa Romeo,9,1977

14,Ronnie Peterson PET,SWE,Tyrrell Ford,7,1977

15,Carlos Pace PAC,BRA,Brabham Alfa Romeo,6,1977

15,Vittorio Brambilla BRA,ITA,Surtees Ford,6,1977

17,Patrick Tambay TAM,FRA,Ensign Ford,5,1977

17,Clay Regazzoni REG,SUI,Ensign Ford,5,1977

19,Renzo Zorzi ZOR,ITA,Shadow Ford,1,1977

19,Jean-Pierre Jarier JAR,FRA,Ligier Matra,1,1977

19,Riccardo Patrese PAT,ITA,Shadow Ford,1,1977

1,Mario Andretti AND,USA,Lotus Ford,64,1978

2,Ronnie Peterson PET,SWE,Lotus Ford,51,1978

3,Carlos Reutemann REU,ARG,Ferrari,48,1978

4,Niki Lauda LAU,AUT,Brabham Alfa Romeo,44,1978

5,Patrick Depailler DEP,FRA,Tyrrell Ford,34,1978

6,John Watson WAT,GBR,Brabham Alfa Romeo,25,1978

7,Jody Scheckter SCH,RSA,Wolf Ford,24,1978

8,Jacques Laffite LAF,FRA,Ligier Matra,19,1978

9,Gilles Villeneuve VIL,CAN,Ferrari,17,1978

9,Emerson Fittipaldi FIT,BRA,Fittipaldi Ford,17,1978

11,Alan  Jones JON,AUS,Williams Ford,11,1978

11,Riccardo Patrese PAT,ITA,Arrows Ford,11,1978

13,James Hunt HUN,GBR,McLaren Ford,8,1978

13,Patrick Tambay TAM,FRA,McLaren Ford,8,1978

15,Didier Pironi PIR,FRA,Tyrrell Ford,7,1978

16,Clay Regazzoni REG,SUI,Shadow Ford,4,1978

17,Jean-Pierre Jabouille JAB,FRA,Renault,3,1978

18,Hans-Joachim Stuck STU,GER,Shadow Ford,2,1978

19,Hector Rebaque REB,MEX,Lotus Ford,1,1978

19,Vittorio Brambilla BRA,ITA,Surtees Ford,1,1978

19,Derek Daly DAL,IRL,Ensign Ford,1,1978

1,Jody Scheckter SCH,RSA,Ferrari,51,1979

2,Gilles Villeneuve VIL,CAN,Ferrari,47,1979

3,Alan  Jones JON,AUS,Williams Ford,40,1979

4,Jacques Laffite LAF,FRA,Ligier Ford,36,1979

5,Clay Regazzoni REG,SUI,Williams Ford,29,1979

6,Patrick Depailler DEP,FRA,Ligier Ford,20,1979

6,Carlos Reutemann REU,ARG,Lotus Ford,20,1979

8,Rene Arnoux ARN,FRA,Renault,17,1979

9,John Watson WAT,GBR,McLaren Ford,15,1979

10,Didier Pironi PIR,FRA,Tyrrell Ford,14,1979

10,Jean-Pierre Jarier JAR,FRA,Tyrrell Ford,14,1979

10,Mario Andretti AND,USA,Lotus Ford,14,1979

13,Jean-Pierre Jabouille JAB,FRA,Renault,9,1979

14,Niki Lauda LAU,AUT,Brabham Ford,4,1979

15,Nelson Piquet PIQ,BRA,Brabham Ford,3,1979

15,Elio de Angelis DEA,ITA,Shadow Ford,3,1979

15,Jacky Ickx ICK,BEL,Ligier Ford,3,1979

15,Jochen Mass MAS,GER,Arrows Ford,3,1979

19,Riccardo Patrese PAT,ITA,Arrows Ford,2,1979

19,Hans-Joachim Stuck STU,GER,ATS Ford,2,1979

21,Emerson Fittipaldi FIT,BRA,Fittipaldi Ford,1,1979

1,Alan  Jones JON,AUS,Williams Ford,67,1980

2,Nelson Piquet PIQ,BRA,Brabham Ford,54,1980

3,Carlos Reutemann REU,ARG,Williams Ford,42,1980

4,Jacques Laffite LAF,FRA,Ligier Ford,34,1980

5,Didier Pironi PIR,FRA,Ligier Ford,32,1980

6,Rene Arnoux ARN,FRA,Renault,29,1980

7,Elio de Angelis DEA,ITA,Lotus Ford,13,1980

8,Jean-Pierre Jabouille JAB,FRA,Renault,9,1980

9,Riccardo Patrese PAT,ITA,Arrows Ford,7,1980

10,Keke Rosberg ROS,FIN,Fittipaldi Ford,6,1980

10,Derek Daly DAL,IRL,Tyrrell Ford,6,1980

10,John Watson WAT,GBR,McLaren Ford,6,1980

10,Jean-Pierre Jarier JAR,FRA,Tyrrell Ford,6,1980

10,Gilles Villeneuve VIL,CAN,Ferrari,6,1980

15,Emerson Fittipaldi FIT,BRA,Fittipaldi Ford,5,1980

15,Alain Prost PRO,FRA,McLaren Ford,5,1980

17,Jochen Mass MAS,GER,Arrows Ford,4,1980

17,Bruno Giacomelli GIA,ITA,Alfa Romeo,4,1980

19,Jody Scheckter SCH,RSA,Ferrari,2,1980

20,Hector Rebaque REB,MEX,Brabham Ford,1,1980

20,Mario Andretti AND,USA,Lotus Ford,1,1980

1,Nelson Piquet PIQ,BRA,Brabham Ford,50,1981

2,Carlos Reutemann REU,ARG,Williams Ford,49,1981

3,Alan  Jones JON,AUS,Williams Ford,46,1981

4,Jacques Laffite LAF,FRA,Ligier Matra,44,1981

5,Alain Prost PRO,FRA,Renault,43,1981

6,John Watson WAT,GBR,McLaren Ford,27,1981

7,Gilles Villeneuve VIL,CAN,Ferrari,25,1981

8,Elio de Angelis DEA,ITA,Lotus Ford,14,1981

9,Rene Arnoux ARN,FRA,Renault,11,1981

9,Hector Rebaque REB,MEX,Brabham Ford,11,1981

11,Riccardo Patrese PAT,ITA,Arrows Ford,10,1981

11,Eddie  Cheever CHE,USA,Tyrrell Ford,10,1981

13,Didier Pironi PIR,FRA,Ferrari,9,1981

14,Nigel Mansell MAN,GBR,Lotus Ford,8,1981

15,Bruno Giacomelli GIA,ITA,Alfa Romeo,7,1981

16,Marc Surer SUR,SUI,Theodore Ford,4,1981

17,Mario Andretti AND,USA,Alfa Romeo,3,1981

18,Patrick Tambay TAM,FRA,Ligier Matra,1,1981

18,Andrea de Cesaris DEC,ITA,McLaren Ford,1,1981

18,Slim Borgudd BOR,SWE,ATS Ford,1,1981

18,Eliseo Salazar SAL,CHI,Ensign Ford,1,1981

1,Keke Rosberg ROS,FIN,Williams Ford,44,1982

2,Didier Pironi PIR,FRA,Ferrari,39,1982

2,John Watson WAT,GBR,McLaren Ford,39,1982

4,Alain Prost PRO,FRA,Renault,34,1982

5,Niki Lauda LAU,AUT,McLaren Ford,30,1982

6,Rene Arnoux ARN,FRA,Renault,28,1982

7,Patrick Tambay TAM,FRA,Ferrari,25,1982

7,Michele Alboreto ALB,ITA,Tyrrell Ford,25,1982

9,Elio de Angelis DEA,ITA,Lotus Ford,23,1982

10,Riccardo Patrese PAT,ITA,Brabham BMW,21,1982

11,Nelson Piquet PIQ,BRA,Brabham BMW,20,1982

12,Eddie  Cheever CHE,USA,Ligier Matra,15,1982

13,Derek Daly DAL,IRL,Williams Ford,8,1982

14,Nigel Mansell MAN,GBR,Lotus Ford,7,1982

15,Carlos Reutemann REU,ARG,Williams Ford,6,1982

15,Gilles Villeneuve VIL,CAN,Ferrari,6,1982

17,Andrea de Cesaris DEC,ITA,Alfa Romeo,5,1982

17,Jacques Laffite LAF,FRA,Ligier Matra,5,1982

19,Mario Andretti AND,USA,Ferrari,4,1982

20,Jean-Pierre Jarier JAR,FRA,Osella Ford,3,1982

20,Marc Surer SUR,SUI,Arrows Ford,3,1982

22,Manfred Winkelhock WIN,GER,ATS Ford,2,1982

22,Eliseo Salazar SAL,CHI,ATS Ford,2,1982

22,Bruno Giacomelli GIA,ITA,Alfa Romeo,2,1982

22,Mauro Baldi BAL,ITA,Arrows Ford,2,1982

26,Chico Serra SER,BRA,Fittipaldi Ford,1,1982

1,Nelson Piquet PIQ,BRA,Brabham BMW,59,1983

2,Alain Prost PRO,FRA,Renault,57,1983

3,Rene Arnoux ARN,FRA,Ferrari,49,1983

4,Patrick Tambay TAM,FRA,Ferrari,40,1983

5,Keke Rosberg ROS,FIN,Williams Honda,27,1983

6,John Watson WAT,GBR,McLaren Ford,22,1983

7,Eddie  Cheever CHE,USA,Renault,22,1983

8,Andrea de Cesaris DEC,ITA,Alfa Romeo,15,1983

9,Riccardo Patrese PAT,ITA,Brabham BMW,13,1983

10,Niki Lauda LAU,AUT,McLaren TAG,12,1983

11,Jacques Laffite LAF,FRA,Williams Honda,11,1983

12,Michele Alboreto ALB,ITA,Tyrrell Ford,10,1983

13,Nigel Mansell MAN,GBR,Lotus Renault,10,1983

14,Derek Warwick WAR,GBR,Toleman Hart,9,1983

15,Marc Surer SUR,SUI,Arrows Ford,4,1983

16,Mauro Baldi BAL,ITA,Alfa Romeo,3,1983

17,Elio de Angelis DEA,ITA,Lotus Renault,2,1983

18,Danny Sullivan SUL,USA,Tyrrell Ford,2,1983

19,Bruno Giacomelli GIA,ITA,Toleman Hart,1,1983

20,Johnny Cecotto CEC,VEN,Theodore Ford,1,1983

1,Niki Lauda LAU,AUT,McLaren TAG,72,1984

2,Alain Prost PRO,FRA,McLaren TAG,71.5,1984

3,Elio de Angelis DEA,ITA,Lotus Renault,34,1984

4,Michele Alboreto ALB,ITA,Ferrari,30.5,1984

5,Nelson Piquet PIQ,BRA,Brabham BMW,29,1984

6,Rene Arnoux ARN,FRA,Ferrari,27,1984

7,Derek Warwick WAR,GBR,Renault,23,1984

8,Keke Rosberg ROS,FIN,Williams Honda,20.5,1984

9,Ayrton Senna SEN,BRA,Toleman Hart,13,1984

10,Nigel Mansell MAN,GBR,Lotus Renault,13,1984

11,Patrick Tambay TAM,FRA,Renault,11,1984

12,Teo Fabi FAB,ITA,Brabham BMW,9,1984

13,Riccardo Patrese PAT,ITA,Alfa Romeo,8,1984

14,Jacques Laffite LAF,FRA,Williams Honda,5,1984

15,Thierry Boutsen BOU,BEL,Arrows BMW,5,1984

16,Eddie  Cheever CHE,USA,Alfa Romeo,3,1984

17,Stefan Johansson JOH,SWE,Toleman Hart,3,1984

18,Andrea de Cesaris DEC,ITA,Ligier Renault,3,1984

19,Piercarlo Ghinzani GHI,ITA,Osella Alfa Romeo,2,1984

20,Marc Surer SUR,SUI,Arrows BMW,1,1984

1,Alain Prost PRO,FRA,McLaren TAG,73,1985

2,Michele Alboreto ALB,ITA,Ferrari,53,1985

3,Keke Rosberg ROS,FIN,Williams Honda,40,1985

4,Ayrton Senna SEN,BRA,Lotus Renault,38,1985

5,Elio de Angelis DEA,ITA,Lotus Renault,33,1985

6,Nigel Mansell MAN,GBR,Williams Honda,31,1985

7,Stefan Johansson JOH,SWE,Ferrari,26,1985

8,Nelson Piquet PIQ,BRA,Brabham BMW,21,1985

9,Jacques Laffite LAF,FRA,Ligier Renault,16,1985

10,Niki Lauda LAU,AUT,McLaren TAG,14,1985

11,Thierry Boutsen BOU,BEL,Arrows BMW,11,1985

12,Patrick Tambay TAM,FRA,Renault,11,1985

13,Marc Surer SUR,SUI,Brabham BMW,5,1985

14,Derek Warwick WAR,GBR,Renault,5,1985

15,Philippe Streiff STR,FRA,Ligier Renault,4,1985

16,Stefan Bellof BEL,GER,Tyrrell Renault,4,1985

17,Andrea de Cesaris DEC,ITA,Ligier Renault,3,1985

18,Rene Arnoux ARN,FRA,Ferrari,3,1985

19,Ivan Capelli CAP,ITA,Tyrrell Renault,3,1985

20,Gerhard Berger BER,AUT,Arrows BMW,3,1985

1,Alain Prost PRO,FRA,McLaren TAG,72,1986

2,Nigel Mansell MAN,GBR,Williams Honda,70,1986

3,Nelson Piquet PIQ,BRA,Williams Honda,69,1986

4,Ayrton Senna SEN,BRA,Lotus Renault,55,1986

5,Stefan Johansson JOH,SWE,Ferrari,23,1986

6,Keke Rosberg ROS,FIN,McLaren TAG,22,1986

7,Gerhard Berger BER,AUT,Benetton BMW,17,1986

8,Jacques Laffite LAF,FRA,Ligier Renault,14,1986

9,Michele Alboreto ALB,ITA,Ferrari,14,1986

10,Rene Arnoux ARN,FRA,Ligier Renault,14,1986

11,Martin Brundle BRU,GBR,Tyrrell Renault,8,1986

12,Alan  Jones JON,AUS,Lola Ford,4,1986

13,Johnny Dumfries DUM,GBR,Lotus Renault,3,1986

14,Philippe Streiff STR,FRA,Tyrrell Renault,3,1986

15,Teo Fabi FAB,ITA,Benetton BMW,2,1986

16,Patrick Tambay TAM,FRA,Lola Ford,2,1986

17,Riccardo Patrese PAT,ITA,Brabham BMW,2,1986

18,Philippe Alliot ALL,FRA,Ligier Renault,1,1986

19,Christian Danner DAN,GER,Arrows BMW,1,1986

1,Nelson Piquet PIQ,BRA,Williams Honda,73,1987

2,Nigel Mansell MAN,GBR,Williams Honda,61,1987

3,Ayrton Senna SEN,BRA,Lotus Honda,57,1987

4,Alain Prost PRO,FRA,McLaren TAG,46,1987

5,Gerhard Berger BER,AUT,Ferrari,36,1987

6,Stefan Johansson JOH,SWE,McLaren TAG,30,1987

7,Michele Alboreto ALB,ITA,Ferrari,17,1987

8,Thierry Boutsen BOU,BEL,Benetton Ford,16,1987

9,Teo Fabi FAB,ITA,Benetton Ford,12,1987

10,Eddie  Cheever CHE,USA,Arrows Megatron,8,1987

11,Jonathan  Palmer PAL,GBR,Tyrrell Ford,7,1987

12,Satoru Nakajima NAK,JPN,Lotus Honda,7,1987

13,Riccardo Patrese PAT,ITA,Williams Honda,6,1987

14,Andrea de Cesaris DEC,ITA,Brabham BMW,4,1987

15,Philippe Streiff STR,FRA,Tyrrell Ford,4,1987

16,Derek Warwick WAR,GBR,Arrows Megatron,3,1987

17,Philippe Alliot ALL,FRA,Lola Ford,3,1987

18,Martin Brundle BRU,GBR,Zakspeed,2,1987

19,Rene Arnoux ARN,FRA,Ligier Megatron,1,1987

20,Ivan Capelli CAP,ITA,March Ford,1,1987

21,Roberto Moreno MOR,BRA,AGS Ford,1,1987

1,Ayrton Senna SEN,BRA,McLaren Honda,90,1988

2,Alain Prost PRO,FRA,McLaren Honda,87,1988

3,Gerhard Berger BER,AUT,Ferrari,41,1988

4,Thierry Boutsen BOU,BEL,Benetton Ford,27,1988

5,Michele Alboreto ALB,ITA,Ferrari,24,1988

6,Nelson Piquet PIQ,BRA,Lotus Honda,22,1988

7,Ivan Capelli CAP,ITA,March Judd,17,1988

8,Derek Warwick WAR,GBR,Arrows Megatron,17,1988

9,Nigel Mansell MAN,GBR,Williams Judd,12,1988

10,Alessandro Nannini NAN,ITA,Benetton Ford,12,1988

11,Riccardo Patrese PAT,ITA,Williams Judd,8,1988

12,Eddie  Cheever CHE,USA,Arrows Megatron,6,1988

13,Mauricio Gugelmin GUG,BRA,March Judd,5,1988

14,Jonathan  Palmer PAL,GBR,Tyrrell Ford,5,1988

15,Andrea de Cesaris DEC,ITA,Rial Ford,3,1988

16,Pierluigi Martini MAR,ITA,Minardi Ford,1,1988

17,Satoru Nakajima NAK,JPN,Lotus Honda,1,1988

1,Alain Prost PRO,FRA,McLaren Honda,76,1989

2,Ayrton Senna SEN,BRA,McLaren Honda,60,1989

3,Riccardo Patrese PAT,ITA,Williams Renault,40,1989

4,Nigel Mansell MAN,GBR,Ferrari,38,1989

5,Thierry Boutsen BOU,BEL,Williams Renault,37,1989

6,Alessandro Nannini NAN,ITA,Benetton Ford,32,1989

7,Gerhard Berger BER,AUT,Ferrari,21,1989

8,Nelson Piquet PIQ,BRA,Lotus Judd,12,1989

9,Jean Alesi ALE,FRA,Tyrrell Ford,8,1989

10,Derek Warwick WAR,GBR,Arrows Ford,7,1989

11,Stefan Johansson JOH,SWE,Onyx Ford,6,1989

11,Michele Alboreto ALB,ITA,Lola Lamborghini,6,1989

11,Eddie  Cheever CHE,USA,Arrows Ford,6,1989

14,Johnny Herbert HER,GBR,Tyrrell Ford,5,1989

15,Pierluigi Martini MAR,ITA,Minardi Ford,5,1989

16,Andrea de Cesaris DEC,ITA,Dallara Ford,4,1989

16,Mauricio Gugelmin GUG,BRA,March Judd,4,1989

16,Stefano Modena MOD,ITA,Brabham Judd,4,1989

19,Alex Caffi CAF,ITA,Dallara Ford,4,1989

20,Martin Brundle BRU,GBR,Brabham Judd,4,1989

21,Christian Danner DAN,GER,Rial Ford,3,1989

21,Satoru Nakajima NAK,JPN,Lotus Judd,3,1989

23,Rene Arnoux ARN,FRA,Ligier Ford,2,1989

23,Emanuele Pirro PIR,ITA,Benetton Ford,2,1989

25,Jonathan  Palmer PAL,GBR,Tyrrell Ford,2,1989

26,Gabriele Tarquini TAR,ITA,AGS Ford,1,1989

26,Philippe Alliot ALL,FRA,Lola Lamborghini,1,1989

26,Olivier Grouillard GRO,FRA,Ligier Ford,1,1989

26,Luis Perez-Sala PER,ESP,Minardi Ford,1,1989

1,Ayrton Senna SEN,BRA,McLaren Honda,78,1990

2,Alain Prost PRO,FRA,Ferrari,71,1990

3,Nelson Piquet PIQ,BRA,Benetton Ford,43,1990

3,Gerhard Berger BER,AUT,McLaren Honda,43,1990

5,Nigel Mansell MAN,GBR,Ferrari,37,1990

6,Thierry Boutsen BOU,BEL,Williams Renault,34,1990

7,Riccardo Patrese PAT,ITA,Williams Renault,23,1990

8,Alessandro Nannini NAN,ITA,Benetton Ford,21,1990

9,Jean Alesi ALE,FRA,Tyrrell Ford,13,1990

10,Ivan Capelli CAP,ITA,Leyton House Judd,6,1990

10,Roberto Moreno MOR,BRA,Benetton Ford,6,1990

12,Aguri Suzuki SUZ,JPN,Lola Lamborghini,6,1990

13,Eric Bernard BER,FRA,Lola Lamborghini,5,1990

14,Derek Warwick WAR,GBR,Lotus Lamborghini,3,1990

15,Satoru Nakajima NAK,JPN,Tyrrell Ford,3,1990

16,Alex Caffi CAF,ITA,Arrows Ford,2,1990

16,Stefano Modena MOD,ITA,Brabham Judd,2,1990

18,Mauricio Gugelmin GUG,BRA,Leyton House Judd,1,1990

1,Ayrton Senna SEN,BRA,McLaren Honda,96,1991

2,Nigel Mansell MAN,GBR,Williams Renault,72,1991

3,Riccardo Patrese PAT,ITA,Williams Renault,53,1991

4,Gerhard Berger BER,AUT,McLaren Honda,43,1991

5,Alain Prost PRO,FRA,Ferrari,34,1991

6,Nelson Piquet PIQ,BRA,Benetton Ford,26.5,1991

7,Jean Alesi ALE,FRA,Ferrari,21,1991

8,Stefano Modena MOD,ITA,Tyrrell Honda,10,1991

9,Andrea de Cesaris DEC,ITA,Jordan Ford,9,1991

10,Roberto Moreno MOR,BRA,Minardi Ferrari,8,1991

11,Pierluigi Martini MAR,ITA,Minardi Ferrari,6,1991

12,Jyrki Jarvilehto JAR,FIN,Dallara Judd,4,1991

12,Bertrand Gachot GAC,FRA,Jordan Ford,4,1991

12,Michael Schumacher MSC,GER,Benetton Ford,4,1991

15,Mika Hakkinen HAK,FIN,Lotus Judd,2,1991

15,Martin Brundle BRU,GBR,Brabham Yamaha,2,1991

15,Satoru Nakajima NAK,JPN,Tyrrell Honda,2,1991

18,Julian Bailey BAI,GBR,Lotus Judd,1,1991

18,Eric Bernard BER,FRA,Lola Ford,1,1991

18,Ivan Capelli CAP,ITA,Leyton House Ilmor,1,1991

18,Aguri Suzuki SUZ,JPN,Lola Ford,1,1991

18,Emanuele Pirro PIR,ITA,Dallara Judd,1,1991

18,Mark Blundell BLU,GBR,Brabham Yamaha,1,1991

24,Gianni Morbidelli MOR,ITA,Ferrari,0.5,1991

1,Nigel Mansell MAN,GBR,Williams Renault,108,1992

2,Riccardo Patrese PAT,ITA,Williams Renault,56,1992

3,Michael Schumacher MSC,GER,Benetton Ford,53,1992

4,Ayrton Senna SEN,BRA,McLaren Honda,50,1992

5,Gerhard Berger BER,AUT,McLaren Honda,49,1992

6,Martin Brundle BRU,GBR,Benetton Ford,38,1992

7,Jean Alesi ALE,FRA,Ferrari,18,1992

8,Mika Hakkinen HAK,FIN,Lotus Ford,11,1992

9,Andrea de Cesaris DEC,ITA,Tyrrell Ilmor,8,1992

10,Michele Alboreto ALB,ITA,Footwork Mugen Honda,6,1992

11,Erik Comas COM,FRA,Ligier Renault,4,1992

12,Karl Wendlinger WEN,AUT,March Ilmor,3,1992

12,Ivan Capelli CAP,ITA,Ferrari,3,1992

14,Thierry Boutsen BOU,BEL,Ligier Renault,2,1992

15,Pierluigi Martini MAR,ITA,Dallara Ferrari,2,1992

16,Johnny Herbert HER,GBR,Lotus Ford,2,1992

17,Stefano Modena MOD,ITA,Jordan Yamaha,1,1992

18,Christian Fittipaldi FIT,BRA,Minardi Lamborghini,1,1992

19,Bertrand Gachot GAC,FRA,Venturi Lamborghini,1,1992

1,Alain Prost PRO,FRA,Williams Renault,99,1993

2,Ayrton Senna SEN,BRA,McLaren Ford,73,1993

3,Damon Hill HIL,GBR,Williams Renault,69,1993

4,Michael Schumacher MSC,GER,Benetton Ford,52,1993

5,Riccardo Patrese PAT,ITA,Benetton Ford,20,1993

6,Jean Alesi ALE,FRA,Ferrari,16,1993

7,Martin Brundle BRU,GBR,Ligier Renault,13,1993

8,Gerhard Berger BER,AUT,Ferrari,12,1993

9,Johnny Herbert HER,GBR,Lotus Ford,11,1993

10,Mark Blundell BLU,GBR,Ligier Renault,10,1993

11,Michael Andretti AND,USA,McLaren Ford,7,1993

12,Karl Wendlinger WEN,AUT,Sauber,7,1993

13,Christian Fittipaldi FIT,BRA,Minardi Ford,5,1993

13,Jyrki Jarvilehto JAR,FIN,Sauber,5,1993

15,Mika Hakkinen HAK,FIN,McLaren Ford,4,1993

16,Derek Warwick WAR,GBR,Footwork Mugen Honda,4,1993

17,Philippe Alliot ALL,FRA,Larrousse Lamborghini,2,1993

17,Rubens Barrichello BAR,BRA,Jordan Hart,2,1993

19,Fabrizio Barbazza BAR,ITA,Minardi Ford,2,1993

20,Alessandro Zanardi ZAN,ITA,Lotus Ford,1,1993

20,Erik Comas COM,FRA,Larrousse Lamborghini,1,1993

20,Eddie Irvine IRV,GBR,Jordan Hart,1,1993

1,Michael Schumacher MSC,GER,Benetton Ford,92,1994

2,Damon Hill HIL,GBR,Williams Renault,91,1994

3,Gerhard Berger BER,AUT,Ferrari,41,1994

4,Mika Hakkinen HAK,FIN,McLaren Peugeot,26,1994

5,Jean Alesi ALE,FRA,Ferrari,24,1994

6,Rubens Barrichello BAR,BRA,Jordan Hart,19,1994

7,Martin Brundle BRU,GBR,McLaren Peugeot,16,1994

8,David Coulthard COU,GBR,Williams Renault,14,1994

9,Nigel Mansell MAN,GBR,Williams Renault,13,1994

10,Jos Verstappen VER,NED,Benetton Ford,10,1994

11,Olivier Panis PAN,FRA,Ligier Renault,9,1994

12,Mark Blundell BLU,GBR,Tyrrell Yamaha,8,1994

13,Heinz-Harald Frentzen FRE,GER,Sauber Mercedes,7,1994

14,Nicola Larini LAR,ITA,Ferrari,6,1994

15,Christian Fittipaldi FIT,BRA,Footwork Ford,6,1994

16,Eddie Irvine IRV,GBR,Jordan Hart,6,1994

17,Ukyo Katayama KAT,JPN,Tyrrell Yamaha,5,1994

18,Eric Bernard BER,FRA,Lotus Mugen Honda,4,1994

19,Karl Wendlinger WEN,AUT,Sauber Mercedes,4,1994

20,Andrea de Cesaris DEC,ITA,Sauber Mercedes,4,1994

21,Pierluigi Martini MAR,ITA,Minardi Ford,4,1994

22,Gianni Morbidelli MOR,ITA,Footwork Ford,3,1994

23,Erik Comas COM,FRA,Larrousse Ford,2,1994

24,Michele Alboreto ALB,ITA,Minardi Ford,1,1994

25,Jyrki Jarvilehto JAR,FIN,Sauber Mercedes,1,1994

1,Michael Schumacher MSC,GER,Benetton Renault,102,1995

2,Damon Hill HIL,GBR,Williams Renault,69,1995

3,David Coulthard COU,GBR,Williams Renault,49,1995

4,Johnny Herbert HER,GBR,Benetton Renault,45,1995

5,Jean Alesi ALE,FRA,Ferrari,42,1995

6,Gerhard Berger BER,AUT,Ferrari,31,1995

7,Mika Hakkinen HAK,FIN,McLaren Mercedes,17,1995

8,Olivier Panis PAN,FRA,Ligier Mugen Honda,16,1995

9,Heinz-Harald Frentzen FRE,GER,Sauber Ford,15,1995

10,Mark Blundell BLU,GBR,McLaren Mercedes,13,1995

11,Rubens Barrichello BAR,BRA,Jordan Peugeot,11,1995

12,Eddie Irvine IRV,GBR,Jordan Peugeot,10,1995

13,Martin Brundle BRU,GBR,Ligier Mugen Honda,7,1995

14,Gianni Morbidelli MOR,ITA,Footwork Hart,5,1995

15,Mika Salo SAL,FIN,Tyrrell Yamaha,5,1995

16,Jean-Christophe Boullion BOU,FRA,Sauber Ford,3,1995

17,Aguri Suzuki SUZ,JPN,Ligier Mugen Honda,1,1995

18,Pedro Lamy LAM,POR,Minardi Ford,1,1995

1,Damon Hill HIL,GBR,Williams Renault,97,1996

2,Jacques Villeneuve VIL,CAN,Williams Renault,78,1996

3,Michael Schumacher MSC,GER,Ferrari,59,1996

4,Jean Alesi ALE,FRA,Benetton Renault,47,1996

5,Mika Hakkinen HAK,FIN,McLaren Mercedes,31,1996

6,Gerhard Berger BER,AUT,Benetton Renault,21,1996

7,David Coulthard COU,GBR,McLaren Mercedes,18,1996

8,Rubens Barrichello BAR,BRA,Jordan Peugeot,14,1996

9,Olivier Panis PAN,FRA,Ligier Mugen Honda,13,1996

10,Eddie Irvine IRV,GBR,Ferrari,11,1996

11,Martin Brundle BRU,GBR,Jordan Peugeot,8,1996

12,Heinz-Harald Frentzen FRE,GER,Sauber Ford,7,1996

13,Mika Salo SAL,FIN,Tyrrell Yamaha,5,1996

14,Johnny Herbert HER,GBR,Sauber Ford,4,1996

15,Pedro Diniz DIN,BRA,Ligier Mugen Honda,2,1996

16,Jos Verstappen VER,NED,Footwork Hart,1,1996

1,Jacques Villeneuve VIL,CAN,Williams Renault,81,1997

DQ,Michael Schumacher MSC,GER,Ferrari,78,1997

2,Heinz-Harald Frentzen FRE,GER,Williams Renault,42,1997

3,David Coulthard COU,GBR,McLaren Mercedes,36,1997

4,Jean Alesi ALE,FRA,Benetton Renault,36,1997

5,Gerhard Berger BER,AUT,Benetton Renault,27,1997

6,Mika Hakkinen HAK,FIN,McLaren Mercedes,27,1997

7,Eddie Irvine IRV,GBR,Ferrari,24,1997

8,Giancarlo Fisichella FIS,ITA,Jordan Peugeot,20,1997

9,Olivier Panis PAN,FRA,Prost Mugen Honda,16,1997

10,Johnny Herbert HER,GBR,Sauber Petronas,15,1997

11,Ralf Schumacher RSC,GER,Jordan Peugeot,13,1997

12,Damon Hill HIL,GBR,Arrows Yamaha,7,1997

13,Rubens Barrichello BAR,BRA,Stewart Ford,6,1997

14,Alexander Wurz WUR,AUT,Benetton Renault,4,1997

15,Jarno Trulli TRU,ITA,Prost Mugen Honda,3,1997

16,Mika Salo SAL,FIN,Tyrrell Ford,2,1997

17,Pedro Diniz DIN,BRA,Arrows Yamaha,2,1997

18,Shinji Nakano NAK,JPN,Prost Mugen Honda,2,1997

19,Nicola Larini LAR,ITA,Sauber Petronas,1,1997

1,Mika Hakkinen HAK,FIN,McLaren Mercedes,100,1998

2,Michael Schumacher MSC,GER,Ferrari,86,1998

3,David Coulthard COU,GBR,McLaren Mercedes,56,1998

4,Eddie Irvine IRV,GBR,Ferrari,47,1998

5,Jacques Villeneuve VIL,CAN,Williams Mecachrome,21,1998

6,Damon Hill HIL,GBR,Jordan Mugen Honda,20,1998

7,Heinz-Harald Frentzen FRE,GER,Williams Mecachrome,17,1998

8,Alexander Wurz WUR,AUT,Benetton Playlife,17,1998

9,Giancarlo Fisichella FIS,ITA,Benetton Playlife,16,1998

10,Ralf Schumacher RSC,GER,Jordan Mugen Honda,14,1998

11,Jean Alesi ALE,FRA,Sauber Petronas,9,1998

12,Rubens Barrichello BAR,BRA,Stewart Ford,4,1998

13,Mika Salo SAL,FIN,Arrows,3,1998

14,Pedro Diniz DIN,BRA,Arrows,3,1998

15,Johnny Herbert HER,GBR,Sauber Petronas,1,1998

16,Jan Magnussen MAG,DEN,Stewart Ford,1,1998

17,Jarno Trulli TRU,ITA,Prost Peugeot,1,1998

18,Ricardo Rosset ROS,BRA,Tyrrell Ford,0,1998

19,Olivier Panis PAN,FRA,Prost Peugeot,0,1998

20,Toranosuke Takagi TAK,JPN,Tyrrell Ford,0,1998

21,Shinji Nakano NAK,JPN,Minardi Ford,0,1998

22,Esteban Tuero TUE,ARG,Minardi Ford,0,1998

23,Jos Verstappen VER,NED,Stewart Ford,0,1998

1,Mika Hakkinen HAK,FIN,McLaren Mercedes,76,1999

2,Eddie Irvine IRV,GBR,Ferrari,74,1999

3,Heinz-Harald Frentzen FRE,GER,Jordan Mugen Honda,54,1999

4,David Coulthard COU,GBR,McLaren Mercedes,48,1999

5,Michael Schumacher MSC,GER,Ferrari,44,1999

6,Ralf Schumacher RSC,GER,Williams Supertec,35,1999

7,Rubens Barrichello BAR,BRA,Stewart Ford,21,1999

8,Johnny Herbert HER,GBR,Stewart Ford,15,1999

9,Giancarlo Fisichella FIS,ITA,Benetton Playlife,13,1999

10,Mika Salo SAL,FIN,Ferrari,10,1999

11,Jarno Trulli TRU,ITA,Prost Peugeot,7,1999

12,Damon Hill HIL,GBR,Jordan Mugen Honda,7,1999

13,Alexander Wurz WUR,AUT,Benetton Playlife,3,1999

14,Pedro Diniz DIN,BRA,Sauber Petronas,3,1999

15,Olivier Panis PAN,FRA,Prost Peugeot,2,1999

16,Jean Alesi ALE,FRA,Sauber Petronas,2,1999

17,Pedro de la Rosa DLR,ESP,Arrows,1,1999

18,Marc Gene GEN,ESP,Minardi Ford,1,1999

1,Michael Schumacher MSC,GER,Ferrari,108,2000

2,Mika Hakkinen HAK,FIN,McLaren Mercedes,89,2000

3,David Coulthard COU,GBR,McLaren Mercedes,73,2000

4,Rubens Barrichello BAR,BRA,Ferrari,62,2000

5,Ralf Schumacher RSC,GER,Williams BMW,24,2000

6,Giancarlo Fisichella FIS,ITA,Benetton Playlife,18,2000

7,Jacques Villeneuve VIL,CAN,BAR Honda,17,2000

8,Jenson Button BUT,GBR,Williams BMW,12,2000

9,Heinz-Harald Frentzen FRE,GER,Jordan Mugen Honda,11,2000

10,Jarno Trulli TRU,ITA,Jordan Mugen Honda,6,2000

11,Mika Salo SAL,FIN,Sauber Petronas,6,2000

12,Jos Verstappen VER,NED,Arrows Supertec,5,2000

13,Eddie Irvine IRV,GBR,Jaguar Cosworth,4,2000

14,Ricardo Zonta ZON,BRA,BAR Honda,3,2000

15,Alexander Wurz WUR,AUT,Benetton Playlife,2,2000

16,Pedro de la Rosa DLR,ESP,Arrows Supertec,2,2000

17,Pedro Diniz DIN,BRA,Sauber Petronas,0,2000

18,Johnny Herbert HER,GBR,Jaguar Cosworth,0,2000

19,Marc Gene GEN,ESP,Minardi Fondmetal,0,2000

20,Gaston Mazzacane MAZ,ARG,Minardi Fondmetal,0,2000

21,Nick Heidfeld HEI,GER,Prost Peugeot,0,2000

22,Jean Alesi ALE,FRA,Prost Peugeot,0,2000

23,Luciano Burti BUR,BRA,Jaguar Cosworth,0,2000

1,Michael Schumacher MSC,GER,Ferrari,123,2001

2,David Coulthard COU,GBR,McLaren Mercedes,65,2001

3,Rubens Barrichello BAR,BRA,Ferrari,56,2001

4,Ralf Schumacher RSC,GER,Williams BMW,49,2001

5,Mika Hakkinen HAK,FIN,McLaren Mercedes,37,2001

6,Juan Pablo Montoya MOY,COL,Williams BMW,31,2001

7,Jacques Villeneuve VIL,CAN,BAR Honda,12,2001

8,Nick Heidfeld HEI,GER,Sauber Petronas,12,2001

9,Jarno Trulli TRU,ITA,Jordan Honda,12,2001

10,Kimi Rikknen RAI,FIN,Sauber Petronas,9,2001

11,Giancarlo Fisichella FIS,ITA,Benetton Renault,8,2001

12,Eddie Irvine IRV,GBR,Jaguar Cosworth,6,2001

13,Heinz-Harald Frentzen FRE,GER,Prost Acer,6,2001

14,Olivier Panis PAN,FRA,BAR Honda,5,2001

15,Jean Alesi ALE,FRA,Jordan Honda,5,2001

16,Pedro de la Rosa DLR,ESP,Jaguar Cosworth,3,2001

17,Jenson Button BUT,GBR,Benetton Renault,2,2001

18,Jos Verstappen VER,NED,Arrows Asiatech,1,2001

1,Michael Schumacher MSC,GER,Ferrari,144,2002

2,Rubens Barrichello BAR,BRA,Ferrari,77,2002

3,Juan Pablo Montoya MOY,COL,Williams BMW,50,2002

4,Ralf Schumacher RSC,GER,Williams BMW,42,2002

5,David Coulthard COU,GBR,McLaren Mercedes,41,2002

6,Kimi Rikknen RAI,FIN,McLaren Mercedes,24,2002

7,Jenson Button BUT,GBR,Renault,14,2002

8,Jarno Trulli TRU,ITA,Renault,9,2002

9,Eddie Irvine IRV,GBR,Jaguar Cosworth,8,2002

10,Nick Heidfeld HEI,GER,Sauber Petronas,7,2002

11,Giancarlo Fisichella FIS,ITA,Jordan Honda,7,2002

12,Jacques Villeneuve VIL,CAN,BAR Honda,4,2002

13,Felipe Massa MAS,BRA,Sauber Petronas,4,2002

14,Olivier Panis PAN,FRA,BAR Honda,3,2002

15,Takuma Sato SAT,JPN,Jordan Honda,2,2002

16,Mark Webber WEB,AUS,Minardi Asiatech,2,2002

17,Mika Salo SAL,FIN,Toyota,2,2002

18,Heinz-Harald Frentzen FRE,GER,Sauber Petronas,2,2002

19,Allan McNish MCN,GBR,Toyota,0,2002

20,Alex Yoong YOO,MAS,Minardi Asiatech,0,2002

21,Pedro de la Rosa DLR,ESP,Jaguar Cosworth,0,2002

22,Enrique Bernoldi BER,BRA,Arrows Cosworth,0,2002

1,Michael Schumacher MSC,GER,Ferrari,93,2003

2,Kimi Rikknen RAI,FIN,McLaren Mercedes,91,2003

3,Juan Pablo Montoya MOY,COL,Williams BMW,82,2003

4,Rubens Barrichello BAR,BRA,Ferrari,65,2003

5,Ralf Schumacher RSC,GER,Williams BMW,58,2003

6,Fernando Alonso ALO,ESP,Renault,55,2003

7,David Coulthard COU,GBR,McLaren Mercedes,51,2003

8,Jarno Trulli TRU,ITA,Renault,33,2003

9,Jenson Button BUT,GBR,BAR Honda,17,2003

10,Mark Webber WEB,AUS,Jaguar Cosworth,17,2003

11,Heinz-Harald Frentzen FRE,GER,Sauber Petronas,13,2003

12,Giancarlo Fisichella FIS,ITA,Jordan Ford,12,2003

13,Cristiano da Matta DAM,BRA,Toyota,10,2003

14,Nick Heidfeld HEI,GER,Sauber Petronas,6,2003

15,Olivier Panis PAN,FRA,Toyota,6,2003

16,Jacques Villeneuve VIL,CAN,BAR Honda,6,2003

17,Marc Gene GEN,ESP,Williams BMW,4,2003

18,Takuma Sato SAT,JPN,BAR Honda,3,2003

19,Ralph Firman FIR,IRL,Jordan Ford,1,2003

20,Justin Wilson WIL,GBR,Jaguar Cosworth,1,2003

21,Antonio Pizzonia PIZ,BRA,Jaguar Cosworth,0,2003

22,Jos Verstappen VER,NED,Minardi Cosworth,0,2003

23,Nicolas Kiesa KIE,DEN,Minardi Cosworth,0,2003

24,Zsolt Baumgartner BAU,HUN,Jordan Ford,0,2003

1,Michael Schumacher MSC,GER,Ferrari,148,2004

2,Rubens Barrichello BAR,BRA,Ferrari,114,2004

3,Jenson Button BUT,GBR,BAR Honda,85,2004

4,Fernando Alonso ALO,ESP,Renault,59,2004

5,Juan Pablo Montoya MOY,COL,Williams BMW,58,2004

6,Jarno Trulli TRU,ITA,Toyota,46,2004

7,Kimi Rikknen RAI,FIN,McLaren Mercedes,45,2004

8,Takuma Sato SAT,JPN,BAR Honda,34,2004

9,Ralf Schumacher RSC,GER,Williams BMW,24,2004

10,David Coulthard COU,GBR,McLaren Mercedes,24,2004

11,Giancarlo Fisichella FIS,ITA,Sauber Petronas,22,2004

12,Felipe Massa MAS,BRA,Sauber Petronas,12,2004

13,Mark Webber WEB,AUS,Jaguar Cosworth,7,2004

14,Olivier Panis PAN,FRA,Toyota,6,2004

15,Antonio Pizzonia PIZ,BRA,Williams BMW,6,2004

16,Christian Klien KLI,AUT,Jaguar Cosworth,3,2004

17,Cristiano da Matta DAM,BRA,Toyota,3,2004

18,Nick Heidfeld HEI,GER,Jordan Ford,3,2004

19,Timo Glock GLO,GER,Jordan Ford,2,2004

20,Zsolt Baumgartner BAU,HUN,Minardi Cosworth,1,2004

21,Jacques Villeneuve VIL,CAN,Renault,0,2004

22,Ricardo Zonta ZON,BRA,Toyota,0,2004

23,Marc Gene GEN,ESP,Williams BMW,0,2004

24,Giorgio Pantano PAN,ITA,Jordan Ford,0,2004

25,Gianmaria Bruni BRU,ITA,Minardi Cosworth,0,2004

1,Fernando Alonso ALO,ESP,Renault,133,2005

2,Kimi Rikknen RAI,FIN,McLaren Mercedes,112,2005

3,Michael Schumacher MSC,GER,Ferrari,62,2005

4,Juan Pablo Montoya MOY,COL,McLaren Mercedes,60,2005

5,Giancarlo Fisichella FIS,ITA,Renault,58,2005

6,Ralf Schumacher RSC,GER,Toyota,45,2005

7,Jarno Trulli TRU,ITA,Toyota,43,2005

8,Rubens Barrichello BAR,BRA,Ferrari,38,2005

9,Jenson Button BUT,GBR,BAR Honda,37,2005

10,Mark Webber WEB,AUS,Williams BMW,36,2005

11,Nick Heidfeld HEI,GER,Williams BMW,28,2005

12,David Coulthard COU,GBR,RBR Cosworth,24,2005

13,Felipe Massa MAS,BRA,Sauber Petronas,11,2005

14,Jacques Villeneuve VIL,CAN,Sauber Petronas,9,2005

15,Christian Klien KLI,AUT,RBR Cosworth,9,2005

16,Tiago Monteiro MON,POR,Jordan Toyota,7,2005

17,Alexander Wurz WUR,AUT,McLaren Mercedes,6,2005

18,Narain Karthikeyan KAR,IND,Jordan Toyota,5,2005

19,Christijan Albers ALB,NED,Minardi Cosworth,4,2005

20,Pedro de la Rosa DLR,ESP,McLaren Mercedes,4,2005

21,Patrick Friesacher  FRI,AUT,Minardi Cosworth,3,2005

22,Antonio Pizzonia PIZ,BRA,Williams BMW,2,2005

23,Takuma Sato SAT,JPN,BAR Honda,1,2005

24,Vitantonio Liuzzi LIU,ITA,RBR Cosworth,1,2005

25,Robert Doornbos DOO,MON,Minardi Cosworth,0,2005

1,Fernando Alonso ALO,ESP,Renault,134,2006

2,Michael Schumacher MSC,GER,Ferrari,121,2006

3,Felipe Massa MAS,BRA,Ferrari,80,2006

4,Giancarlo Fisichella FIS,ITA,Renault,72,2006

5,Kimi Rikknen RAI,FIN,McLaren Mercedes,65,2006

6,Jenson Button BUT,GBR,Honda,56,2006

7,Rubens Barrichello BAR,BRA,Honda,30,2006

8,Juan Pablo Montoya MOY,COL,McLaren Mercedes,26,2006

9,Nick Heidfeld HEI,GER,Sauber BMW,23,2006

10,Ralf Schumacher RSC,GER,Toyota,20,2006

11,Pedro de la Rosa DLR,ESP,McLaren Mercedes,19,2006

12,Jarno Trulli TRU,ITA,Toyota,15,2006

13,David Coulthard COU,GBR,RBR Ferrari,14,2006

14,Mark Webber WEB,AUS,Williams Cosworth,7,2006

15,Jacques Villeneuve VIL,CAN,Sauber BMW,7,2006

16,Robert Kubica KUB,POL,Sauber BMW,6,2006

17,Nico Rosberg ROS,GER,Williams Cosworth,4,2006

18,Christian Klien KLI,AUT,RBR Ferrari,2,2006

19,Vitantonio Liuzzi LIU,ITA,STR Cosworth,1,2006

20,Scott Speed SPE,USA,STR Cosworth,0,2006

21,Tiago Monteiro MON,POR,MF1 Toyota,0,2006

22,Christijan Albers ALB,NED,MF1 Toyota,0,2006

23,Takuma Sato SAT,JPN,Super Aguri Honda,0,2006

24,Robert Doornbos DOO,NED,RBR Ferrari,0,2006

25,Yuji Ide IDE,JPN,Super Aguri Honda,0,2006

26,Sakon Yamamoto YAM,JPN,Super Aguri Honda,0,2006

27,Franck Montagny MON,FRA,Super Aguri Honda,0,2006

1,Kimi Rikknen RAI,FIN,Ferrari,110,2007

2,Lewis Hamilton HAM,GBR,McLaren Mercedes,109,2007

3,Fernando Alonso ALO,ESP,McLaren Mercedes,109,2007

4,Felipe Massa MAS,BRA,Ferrari,94,2007

5,Nick Heidfeld HEI,GER,Sauber BMW,61,2007

6,Robert Kubica KUB,POL,Sauber BMW,39,2007

7,Heikki Kovalainen KOV,FIN,Renault,30,2007

8,Giancarlo Fisichella FIS,ITA,Renault,21,2007

9,Nico Rosberg ROS,GER,Williams Toyota,20,2007

10,David Coulthard COU,GBR,Red Bull Renault,14,2007

11,Alexander Wurz WUR,AUT,Williams Toyota,13,2007

12,Mark Webber WEB,AUS,Red Bull Renault,10,2007

13,Jarno Trulli TRU,ITA,Toyota,8,2007

14,Sebastian Vettel VET,GER,STR Ferrari,6,2007

15,Jenson Button BUT,GBR,Honda,6,2007

16,Ralf Schumacher RSC,GER,Toyota,5,2007

17,Takuma Sato SAT,JPN,Super Aguri Honda,4,2007

18,Vitantonio Liuzzi LIU,ITA,STR Ferrari,3,2007

19,Adrian Sutil SUT,GER,Spyker Ferrari,1,2007

20,Rubens Barrichello BAR,BRA,Honda,0,2007

21,Scott Speed SPE,USA,STR Ferrari,0,2007

22,Kazuki Nakajima NAK,JPN,Williams Toyota,0,2007

23,Anthony Davidson DAV,GBR,Super Aguri Honda,0,2007

24,Sakon Yamamoto YAM,JPN,Spyker Ferrari,0,2007

25,Christijan Albers ALB,NED,Spyker Ferrari,0,2007

1,Lewis Hamilton HAM,GBR,McLaren Mercedes,98,2008

2,Felipe Massa MAS,BRA,Ferrari,97,2008

3,Kimi Rikknen RAI,FIN,Ferrari,75,2008

4,Robert Kubica KUB,POL,Sauber BMW,75,2008

5,Fernando Alonso ALO,ESP,Renault,61,2008

6,Nick Heidfeld HEI,GER,Sauber BMW,60,2008

7,Heikki Kovalainen KOV,FIN,McLaren Mercedes,53,2008

8,Sebastian Vettel VET,GER,STR Ferrari,35,2008

9,Jarno Trulli TRU,ITA,Toyota,31,2008

10,Timo Glock GLO,GER,Toyota,25,2008

11,Mark Webber WEB,AUS,Red Bull Renault,21,2008

12,Nelson Piquet PIQ,BRA,Renault,19,2008

13,Nico Rosberg ROS,GER,Williams Toyota,17,2008

14,Rubens Barrichello BAR,BRA,Honda,11,2008

15,Kazuki Nakajima NAK,JPN,Williams Toyota,9,2008

16,David Coulthard COU,GBR,Red Bull Renault,8,2008

17,Sebastien Bourdais BOU,FRA,STR Ferrari,4,2008

18,Jenson Button BUT,GBR,Honda,3,2008

19,Giancarlo Fisichella FIS,ITA,Force India Ferrari,0,2008

20,Adrian Sutil SUT,GER,Force India Ferrari,0,2008

21,Takuma Sato SAT,JPN,Super Aguri Honda,0,2008

22,Anthony Davidson DAV,GBR,Super Aguri Honda,0,2008

1,Jenson Button BUT,GBR,Brawn Mercedes,95,2009

2,Sebastian Vettel VET,GER,RBR Renault,84,2009

3,Rubens Barrichello BAR,BRA,Brawn Mercedes,77,2009

4,Mark Webber WEB,AUS,RBR Renault,69.5,2009

5,Lewis Hamilton HAM,GBR,McLaren Mercedes,49,2009

6,Kimi Rikknen RAI,FIN,Ferrari,48,2009

7,Nico Rosberg ROS,GER,Williams Toyota,34.5,2009

8,Jarno Trulli TRU,ITA,Toyota,32.5,2009

9,Fernando Alonso ALO,ESP,Renault,26,2009

10,Timo Glock GLO,GER,Toyota,24,2009

11,Felipe Massa MAS,BRA,Ferrari,22,2009

12,Heikki Kovalainen KOV,FIN,McLaren Mercedes,22,2009

13,Nick Heidfeld HEI,GER,Sauber BMW,19,2009

14,Robert Kubica KUB,POL,Sauber BMW,17,2009

15,Giancarlo Fisichella FIS,ITA,Ferrari,8,2009

16,Sebastien Buemi BUE,SUI,STR Ferrari,6,2009

17,Adrian Sutil SUT,GER,Force India Mercedes,5,2009

18,Kamui Kobayashi KOB,JPN,Toyota,3,2009

19,Sebastien Bourdais BOU,FRA,STR Ferrari,2,2009

20,Kazuki Nakajima NAK,JPN,Williams Toyota,0,2009

21,Nelson Piquet PIQ,BRA,Renault,0,2009

22,Vitantonio Liuzzi LIU,ITA,Force India Mercedes,0,2009

23,Romain Grosjean GRO,FRA,Renault,0,2009

24,Jaime Alguersuari ALG,ESP,STR Ferrari,0,2009

25,Luca Badoer BAD,ITA,Ferrari,0,2009

1,Sebastian Vettel VET,GER,RBR Renault,256,2010

2,Fernando Alonso ALO,ESP,Ferrari,252,2010

3,Mark Webber WEB,AUS,RBR Renault,242,2010

4,Lewis Hamilton HAM,GBR,McLaren Mercedes,240,2010

5,Jenson Button BUT,GBR,McLaren Mercedes,214,2010

6,Felipe Massa MAS,BRA,Ferrari,144,2010

7,Nico Rosberg ROS,GER,Mercedes,142,2010

8,Robert Kubica KUB,POL,Renault,136,2010

9,Michael Schumacher MSC,GER,Mercedes,72,2010

10,Rubens Barrichello BAR,BRA,Williams Cosworth,47,2010

11,Adrian Sutil SUT,GER,Force India Mercedes,47,2010

12,Kamui Kobayashi KOB,JPN,Sauber Ferrari,32,2010

13,Vitaly Petrov PET,RUS,Renault,27,2010

14,Nico Hulkenberg HUL,GER,Williams Cosworth,22,2010

15,Vitantonio Liuzzi LIU,ITA,Force India Mercedes,21,2010

16,Sebastien Buemi BUE,SUI,STR Ferrari,8,2010

17,Pedro de la Rosa DLR,ESP,Sauber Ferrari,6,2010

18,Nick Heidfeld HEI,GER,Sauber Ferrari,6,2010

19,Jaime Alguersuari ALG,ESP,STR Ferrari,5,2010

20,Heikki Kovalainen KOV,FIN,Lotus Cosworth,0,2010

21,Jarno Trulli TRU,ITA,Lotus Cosworth,0,2010

22,Karun Chandhok CHD,IND,HRT Cosworth,0,2010

23,Bruno Senna SEN,BRA,HRT Cosworth,0,2010

24,Lucas di Grassi DIG,BRA,Virgin Cosworth,0,2010

25,Timo Glock GLO,GER,Virgin Cosworth,0,2010

26,Sakon Yamamoto YAM,JPN,HRT Cosworth,0,2010

27,Christian Klien KLI,AUT,HRT Cosworth,0,2010

1,Sebastian Vettel VET,GER,Red Bull Racing Renault,392,2011

2,Jenson Button BUT,GBR,McLaren Mercedes,270,2011

3,Mark Webber WEB,AUS,Red Bull Racing Renault,258,2011

4,Fernando Alonso ALO,ESP,Ferrari,257,2011

5,Lewis Hamilton HAM,GBR,McLaren Mercedes,227,2011

6,Felipe Massa MAS,BRA,Ferrari,118,2011

7,Nico Rosberg ROS,GER,Mercedes,89,2011

8,Michael Schumacher MSC,GER,Mercedes,76,2011

9,Adrian Sutil SUT,GER,Force India Mercedes,42,2011

10,Vitaly Petrov PET,RUS,Renault,37,2011

11,Nick Heidfeld HEI,GER,Renault,34,2011

12,Kamui Kobayashi KOB,JPN,Sauber Ferrari,30,2011

13,Paul di Resta DIR,GBR,Force India Mercedes,27,2011

14,Jaime Alguersuari ALG,ESP,STR Ferrari,26,2011

15,Sebastien Buemi BUE,SUI,STR Ferrari,15,2011

16,Sergio Perez PER,MEX,Sauber Ferrari,14,2011

17,Rubens Barrichello BAR,BRA,Williams Cosworth,4,2011

18,Bruno Senna SEN,BRA,Renault,2,2011

19,Pastor Maldonado MAL,VEN,Williams Cosworth,1,2011

20,Pedro de la Rosa DLR,ESP,Sauber Ferrari,0,2011

21,Jarno Trulli TRU,ITA,Lotus Renault,0,2011

22,Heikki Kovalainen KOV,FIN,Lotus Renault,0,2011

23,Vitantonio Liuzzi LIU,ITA,HRT Cosworth,0,2011

24,Jerome d'Ambrosio DAM,BEL,Virgin Cosworth,0,2011

25,Timo Glock GLO,GER,Virgin Cosworth,0,2011

26,Narain Karthikeyan KAR,IND,HRT Cosworth,0,2011

27,Daniel Ricciardo RIC,AUS,HRT Cosworth,0,2011

28,Karun Chandhok CHD,IND,Lotus Renault,0,2011

1,Sebastian Vettel VET,GER,Red Bull Racing Renault,281,2012

2,Fernando Alonso ALO,ESP,Ferrari,278,2012

3,Kimi Rikknen RAI,FIN,Lotus Renault,207,2012

4,Lewis Hamilton HAM,GBR,McLaren Mercedes,190,2012

5,Jenson Button BUT,GBR,McLaren Mercedes,188,2012

6,Mark Webber WEB,AUS,Red Bull Racing Renault,179,2012

7,Felipe Massa MAS,BRA,Ferrari,122,2012

8,Romain Grosjean GRO,FRA,Lotus Renault,96,2012

9,Nico Rosberg ROS,GER,Mercedes,93,2012

10,Sergio Perez PER,MEX,Sauber Ferrari,66,2012

11,Nico Hulkenberg HUL,GER,Force India Mercedes,63,2012

12,Kamui Kobayashi KOB,JPN,Sauber Ferrari,60,2012

13,Michael Schumacher MSC,GER,Mercedes,49,2012

14,Paul di Resta DIR,GBR,Force India Mercedes,46,2012

15,Pastor Maldonado MAL,VEN,Williams Renault,45,2012

16,Bruno Senna SEN,BRA,Williams Renault,31,2012

17,Jean-Eric Vergne VER,FRA,STR Ferrari,16,2012

18,Daniel Ricciardo RIC,AUS,STR Ferrari,10,2012

19,Vitaly Petrov PET,RUS,Caterham Renault,0,2012

20,Timo Glock GLO,GER,Marussia Cosworth,0,2012

21,Charles Pic PIC,FRA,Marussia Cosworth,0,2012

22,Heikki Kovalainen KOV,FIN,Caterham Renault,0,2012

23,Jerome d'Ambrosio DAM,BEL,Lotus Renault,0,2012

24,Narain Karthikeyan KAR,IND,HRT Cosworth,0,2012

25,Pedro de la Rosa DLR,ESP,HRT Cosworth,0,2012

1,Sebastian Vettel VET,GER,Red Bull Racing Renault,397,2013

2,Fernando Alonso ALO,ESP,Ferrari,242,2013

3,Mark Webber WEB,AUS,Red Bull Racing Renault,199,2013

4,Lewis Hamilton HAM,GBR,Mercedes,189,2013

5,Kimi Rikknen RAI,FIN,Lotus Renault,183,2013

6,Nico Rosberg ROS,GER,Mercedes,171,2013

7,Romain Grosjean GRO,FRA,Lotus Renault,132,2013

8,Felipe Massa MAS,BRA,Ferrari,112,2013

9,Jenson Button BUT,GBR,McLaren Mercedes,73,2013

10,Nico Hulkenberg HUL,GER,Sauber Ferrari,51,2013

11,Sergio Perez PER,MEX,McLaren Mercedes,49,2013

12,Paul di Resta DIR,GBR,Force India Mercedes,48,2013

13,Adrian Sutil SUT,GER,Force India Mercedes,29,2013

14,Daniel Ricciardo RIC,AUS,STR Ferrari,20,2013

15,Jean-Eric Vergne VER,FRA,STR Ferrari,13,2013

16,Esteban Gutierrez  GUT,MEX,Sauber Ferrari,6,2013

17,Valtteri  Bottas BOT,FIN,Williams Renault,4,2013

18,Pastor Maldonado MAL,VEN,Williams Renault,1,2013

19,Jules Bianchi BIA,FRA,Marussia Cosworth,0,2013

20,Charles Pic PIC,FRA,Caterham Renault,0,2013

21,Heikki Kovalainen KOV,FIN,Lotus Renault,0,2013

22,Giedo van der Garde VDG,NED,Caterham Renault,0,2013

23,Max Chilton CHI,GBR,Marussia Cosworth,0,2013

1,Lewis Hamilton HAM,GBR,Mercedes,384,2014

2,Nico Rosberg ROS,GER,Mercedes,317,2014

3,Daniel Ricciardo RIC,AUS,Red Bull Racing Renault,238,2014

4,Valtteri  Bottas BOT,FIN,Williams Mercedes,186,2014

5,Sebastian Vettel VET,GER,Red Bull Racing Renault,167,2014

6,Fernando Alonso ALO,ESP,Ferrari,161,2014

7,Felipe Massa MAS,BRA,Williams Mercedes,134,2014

8,Jenson Button BUT,GBR,McLaren Mercedes,126,2014

9,Nico Hulkenberg HUL,GER,Force India Mercedes,96,2014

10,Sergio Perez PER,MEX,Force India Mercedes,59,2014

11,Kevin Magnussen MAG,DEN,McLaren Mercedes,55,2014

12,Kimi Rikknen RAI,FIN,Ferrari,55,2014

13,Jean-Eric Vergne VER,FRA,STR Renault,22,2014

14,Romain Grosjean GRO,FRA,Lotus Renault,8,2014

15,Daniil Kvyat KVY,RUS,STR Renault,8,2014

16,Pastor Maldonado MAL,VEN,Lotus Renault,2,2014

17,Jules Bianchi BIA,FRA,Marussia Ferrari,2,2014

18,Adrian Sutil SUT,GER,Sauber Ferrari,0,2014

19,Marcus Ericsson ERI,SWE,Caterham Renault,0,2014

20,Esteban Gutierrez  GUT,MEX,Sauber Ferrari,0,2014

21,Max Chilton CHI,GBR,Marussia Ferrari,0,2014

22,Kamui Kobayashi KOB,JPN,Caterham Renault,0,2014

23,Will Stevens STE,GBR,Caterham Renault,0,2014

1,Lewis Hamilton HAM,GBR,Mercedes,381,2015

2,Nico Rosberg ROS,GER,Mercedes,322,2015

3,Sebastian Vettel VET,GER,Ferrari,278,2015

4,Kimi Rikknen RAI,FIN,Ferrari,150,2015

5,Valtteri  Bottas BOT,FIN,Williams Mercedes,136,2015

6,Felipe Massa MAS,BRA,Williams Mercedes,121,2015

7,Daniil Kvyat KVY,RUS,Red Bull Racing Renault,95,2015

8,Daniel Ricciardo RIC,AUS,Red Bull Racing Renault,92,2015

9,Sergio Perez PER,MEX,Force India Mercedes,78,2015

10,Nico Hulkenberg HUL,GER,Force India Mercedes,58,2015

11,Romain Grosjean GRO,FRA,Lotus Mercedes,51,2015

12,Max Verstappen VES,NED,STR Renault,49,2015

13,Felipe Nasr NAS,BRA,Sauber Ferrari,27,2015

14,Pastor Maldonado MAL,VEN,Lotus Mercedes,27,2015

15,Carlos Sainz SAI,ESP,STR Renault,18,2015

16,Jenson Button BUT,GBR,McLaren Honda,16,2015

17,Fernando Alonso ALO,ESP,McLaren Honda,11,2015

18,Marcus Ericsson ERI,SWE,Sauber Ferrari,9,2015

19,Roberto Merhi MER,ESP,Marussia Ferrari,0,2015

20,Alexander Rossi RSI,USA,Marussia Ferrari,0,2015

21,Will Stevens STE,GBR,Marussia Ferrari,0,2015

1,Nico Rosberg ROS,GER,Mercedes,385,2016

2,Lewis Hamilton HAM,GBR,Mercedes,380,2016

3,Daniel Ricciardo RIC,AUS,Red Bull Racing TAG Heuer,256,2016

4,Sebastian Vettel VET,GER,Ferrari,212,2016

5,Max Verstappen VES,NED,Red Bull Racing TAG Heuer,204,2016

6,Kimi Rikknen RAI,FIN,Ferrari,186,2016

7,Sergio Perez PER,MEX,Force India Mercedes,101,2016

8,Valtteri  Bottas BOT,FIN,Williams Mercedes,85,2016

9,Nico Hulkenberg HUL,GER,Force India Mercedes,72,2016

10,Fernando Alonso ALO,ESP,McLaren Honda,54,2016

11,Felipe Massa MAS,BRA,Williams Mercedes,53,2016

12,Carlos Sainz SAI,ESP,Toro Rosso Ferrari,46,2016

13,Romain Grosjean GRO,FRA,Haas Ferrari,29,2016

14,Daniil Kvyat KVY,RUS,Toro Rosso Ferrari,25,2016

15,Jenson Button BUT,GBR,McLaren Honda,21,2016

16,Kevin Magnussen MAG,DEN,Renault,7,2016

17,Felipe Nasr NAS,BRA,Sauber Ferrari,2,2016

18,Jolyon Palmer PAL,GBR,Renault,1,2016

19,Pascal Wehrlein WEH,GER,MRT Mercedes,1,2016

20,Stoffel Vandoorne VAN,BEL,McLaren Honda,1,2016

21,Esteban Gutierrez  GUT,MEX,Haas Ferrari,0,2016

22,Marcus Ericsson ERI,SWE,Sauber Ferrari,0,2016

23,Esteban Ocon OCO,FRA,MRT Mercedes,0,2016

24,Rio Haryanto HAR,INA,MRT Mercedes,0,2016

1,Lewis Hamilton HAM,GBR,Mercedes,363,2017

2,Sebastian Vettel VET,GER,Ferrari,317,2017

3,Valtteri  Bottas BOT,FIN,Mercedes,305,2017

4,Kimi Rikknen RAI,FIN,Ferrari,205,2017

5,Daniel Ricciardo RIC,AUS,Red Bull Racing TAG Heuer,200,2017

6,Max Verstappen VER,NED,Red Bull Racing TAG Heuer,168,2017

7,Sergio Perez PER,MEX,Force India Mercedes,100,2017

8,Esteban Ocon OCO,FRA,Force India Mercedes,87,2017

9,Carlos Sainz SAI,ESP,Renault,54,2017

10,Nico Hulkenberg HUL,GER,Renault,43,2017

11,Felipe Massa MAS,BRA,Williams Mercedes,43,2017

12,Lance Stroll STR,CAN,Williams Mercedes,40,2017

13,Romain Grosjean GRO,FRA,Haas Ferrari,28,2017

14,Kevin Magnussen MAG,DEN,Haas Ferrari,19,2017

15,Fernando Alonso ALO,ESP,McLaren Honda,17,2017

16,Stoffel Vandoorne VAN,BEL,McLaren Honda,13,2017

17,Jolyon Palmer PAL,GBR,Renault,8,2017

18,Pascal Wehrlein WEH,GER,Sauber Ferrari,5,2017

19,Daniil Kvyat KVY,RUS,Toro Rosso,5,2017

20,Marcus Ericsson ERI,SWE,Sauber Ferrari,0,2017

21,Pierre Gasly GAS,FRA,Toro Rosso,0,2017

22,Antonio Giovinazzi GIO,ITA,Sauber Ferrari,0,2017

23,Brendon Hartley HAR,NZL,Toro Rosso,0,2017

1,Lewis Hamilton HAM,GBR,Mercedes,408,2018

2,Sebastian Vettel VET,GER,Ferrari,320,2018

3,Kimi Rikknen RAI,FIN,Ferrari,251,2018

4,Max Verstappen VER,NED,Red Bull Racing TAG Heuer,249,2018

5,Valtteri Bottas BOT,FIN,Mercedes,247,2018

6,Daniel Ricciardo RIC,AUS,Red Bull Racing TAG Heuer,170,2018

7,Nico Hulkenberg HUL,GER,Renault,69,2018

8,Sergio Perez PER,MEX,Force India Mercedes,62,2018

9,Kevin Magnussen MAG,DEN,Haas Ferrari,56,2018

10,Carlos Sainz SAI,ESP,Renault,53,2018

11,Fernando Alonso ALO,ESP,McLaren Renault,50,2018

12,Esteban Ocon OCO,FRA,Force India Mercedes,49,2018

13,Charles Leclerc LEC,MON,Sauber Ferrari,39,2018

14,Romain Grosjean GRO,FRA,Haas Ferrari,37,2018

15,Pierre Gasly GAS,FRA,Scuderia Toro Rosso Honda,29,2018

16,Stoffel Vandoorne VAN,BEL,McLaren Renault,12,2018

17,Marcus Ericsson ERI,SWE,Sauber Ferrari,9,2018

18,Lance Stroll STR,CAN,Williams Mercedes,6,2018

19,Brendon Hartley HAR,NZL,Scuderia Toro Rosso Honda,4,2018

20,Sergey Sirotkin SIR,RUS,Williams Mercedes,1,2018

1,Lewis Hamilton HAM,GBR,Mercedes,413,2019

2,Valtteri Bottas BOT,FIN,Mercedes,326,2019

3,Max Verstappen VER,NED,Red Bull Racing Honda,278,2019

4,Charles Leclerc LEC,MON,Ferrari,264,2019

5,Sebastian Vettel VET,GER,Ferrari,240,2019

6,Carlos Sainz SAI,ESP,McLaren Renault,96,2019

7,Pierre Gasly GAS,FRA,Scuderia Toro Rosso Honda,95,2019

8,Alexander Albon ALB,THA,Red Bull Racing Honda,92,2019

9,Daniel Ricciardo RIC,AUS,Renault,54,2019

10,Sergio Perez PER,MEX,Racing Point BWT Mercedes,52,2019

11,Lando Norris NOR,GBR,McLaren Renault,49,2019

12,Kimi Rikknen RAI,FIN,Alfa Romeo Racing Ferrari,43,2019

13,Daniil Kvyat KVY,RUS,Scuderia Toro Rosso Honda,37,2019

14,Nico Hulkenberg HUL,GER,Renault,37,2019

15,Lance Stroll STR,CAN,Racing Point BWT Mercedes,21,2019

16,Kevin Magnussen MAG,DEN,Haas Ferrari,20,2019

17,Antonio Giovinazzi GIO,ITA,Alfa Romeo Racing Ferrari,14,2019

18,Romain Grosjean GRO,FRA,Haas Ferrari,8,2019

19,Robert Kubica KUB,POL,Williams Mercedes,1,2019

20,George Russell RUS,GBR,Williams Mercedes,0,2019

1,Lewis Hamilton HAM,GBR,Mercedes,347,2020

2,Valtteri Bottas BOT,FIN,Mercedes,223,2020

3,Max Verstappen VER,NED,Red Bull Racing Honda,214,2020

4,Sergio Perez PER,MEX,Racing Point BWT Mercedes,125,2020

5,Daniel Ricciardo RIC,AUS,Renault,119,2020

6,Carlos Sainz SAI,ESP,McLaren Renault,105,2020

7,Alexander Albon ALB,THA,Red Bull Racing Honda,105,2020

8,Charles Leclerc LEC,MON,Ferrari,98,2020

9,Lando Norris NOR,GBR,McLaren Renault,97,2020

10,Pierre Gasly GAS,FRA,AlphaTauri Honda,75,2020

11,Lance Stroll STR,CAN,Racing Point BWT Mercedes,75,2020

12,Esteban Ocon OCO,FRA,Renault,62,2020

13,Sebastian Vettel VET,GER,Ferrari,33,2020

14,Daniil Kvyat KVY,RUS,AlphaTauri Honda,32,2020

15,Nico Hulkenberg HUL,GER,Racing Point BWT Mercedes,10,2020

16,Kimi Rikknen RAI,FIN,Alfa Romeo Racing Ferrari,4,2020

17,Antonio Giovinazzi GIO,ITA,Alfa Romeo Racing Ferrari,4,2020

18,George Russell RUS,GBR,Williams Mercedes,3,2020

19,Romain Grosjean GRO,FRA,Haas Ferrari,2,2020

20,Kevin Magnussen MAG,DEN,Haas Ferrari,1,2020

21,Nicholas Latifi LAT,CAN,Williams Mercedes,0,2020

22,Jack Aitken AIT,GBR,Williams Mercedes,0,2020

23,Pietro Fittipaldi FIT,BRA,Haas Ferrari,0,2020

1,Max Verstappen VER,NED,Red Bull Racing Honda,395.5,2021

2,Lewis Hamilton HAM,GBR,Mercedes,387.5,2021

3,Valtteri Bottas BOT,FIN,Mercedes,226,2021

4,Sergio Perez PER,MEX,Red Bull Racing Honda,190,2021

5,Carlos Sainz SAI,ESP,Ferrari,164.5,2021

6,Lando Norris NOR,GBR,McLaren Mercedes,160,2021

7,Charles Leclerc LEC,MON,Ferrari,159,2021

8,Daniel Ricciardo RIC,AUS,McLaren Mercedes,115,2021

9,Pierre Gasly GAS,FRA,AlphaTauri Honda,110,2021

10,Fernando Alonso ALO,ESP,Alpine Renault,81,2021

11,Esteban Ocon OCO,FRA,Alpine Renault,74,2021

12,Sebastian Vettel VET,GER,Aston Martin Mercedes,43,2021

13,Lance Stroll STR,CAN,Aston Martin Mercedes,34,2021

14,Yuki Tsunoda TSU,JPN,AlphaTauri Honda,32,2021

15,George Russell RUS,GBR,Williams Mercedes,16,2021

16,Kimi Rikknen RAI,FIN,Alfa Romeo Racing Ferrari,10,2021

17,Nicholas Latifi LAT,CAN,Williams Mercedes,7,2021

18,Antonio Giovinazzi GIO,ITA,Alfa Romeo Racing Ferrari,3,2021

19,Mick Schumacher MSC,GER,Haas Ferrari,0,2021

20,Robert Kubica KUB,POL,Alfa Romeo Racing Ferrari,0,2021

21,Nikita Mazepin MAZ,RAF,Haas Ferrari,0,2021

1,Max Verstappen VER,NED,Red Bull Racing RBPT,454,2022

2,Charles Leclerc LEC,MON,Ferrari,308,2022

3,Sergio Perez PER,MEX,Red Bull Racing RBPT,305,2022

4,George Russell RUS,GBR,Mercedes,275,2022

5,Carlos Sainz SAI,ESP,Ferrari,246,2022

6,Lewis Hamilton HAM,GBR,Mercedes,240,2022

7,Lando Norris NOR,GBR,McLaren Mercedes,122,2022

8,Esteban Ocon OCO,FRA,Alpine Renault,92,2022

9,Fernando Alonso ALO,ESP,Alpine Renault,81,2022

10,Valtteri Bottas BOT,FIN,Alfa Romeo Ferrari,49,2022

11,Daniel Ricciardo RIC,AUS,McLaren Mercedes,37,2022

12,Sebastian Vettel VET,GER,Aston Martin Aramco Mercedes,37,2022

13,Kevin Magnussen MAG,DEN,Haas Ferrari,25,2022

14,Pierre Gasly GAS,FRA,AlphaTauri RBPT,23,2022

15,Lance Stroll STR,CAN,Aston Martin Aramco Mercedes,18,2022

16,Mick Schumacher MSC,GER,Haas Ferrari,12,2022

17,Yuki Tsunoda TSU,JPN,AlphaTauri RBPT,12,2022

18,Zhou Guanyu ZHO,CHN,Alfa Romeo Ferrari,6,2022

19,Alexander Albon ALB,THA,Williams Mercedes,4,2022

20,Nicholas Latifi LAT,CAN,Williams Mercedes,2,2022

21,Nyck De Vries DEV,NED,Williams Mercedes,2,2022

22,Nico Hulkenberg HUL,GER,Aston Martin Aramco Mercedes,0,2022

